insert into USER (id, first_name, last_name, email, date_of_birth, is_admin, last_login, password, profile_picture) values (1, 'Benedikta', 'Ielden', 'bielden0@engadget.com1', '2006-03-31 11:00:29', false, '2019-12-24 00:30:31', 'nvWzLeQyNHbV', 'https://robohash.org/nonpossimussed.jpg?size=50x50&set=set1');
insert into USER (id, first_name, last_name, email, date_of_birth, is_admin, last_login, password, profile_picture) values (2, 'Shayla', 'Godsmark', 'sgodsmark1@wikipedia.org2', '2007-04-28 22:34:55', false, '2020-09-30 07:36:43', 'jCvdLdRMPw', 'https://robohash.org/quiadolorumnulla.bmp?size=50x50&set=set1');
insert into USER (id, first_name, last_name, email, date_of_birth, is_admin, last_login, password, profile_picture) values (3, 'Rabbi', 'Polo', 'rpolo2@sina.com.cn3', '1997-12-01 18:18:13', false, '2020-07-29 05:00:30', 'FQpc29t87NmP', 'https://robohash.org/remuttenetur.bmp?size=50x50&set=set1');
insert into USER (id, first_name, last_name, email, date_of_birth, is_admin, last_login, password, profile_picture) values (4, 'Gaspar', 'Fayter', 'gfayter3@amazon.com4', '1998-08-16 03:53:50', false, '2020-01-22 14:44:55', 'guT2DBmU5', 'https://robohash.org/adipisciexplicaboeius.bmp?size=50x50&set=set1');
insert into USER (id, first_name, last_name, email, date_of_birth, is_admin, last_login, password, profile_picture) values (5, 'Gavra', 'Collick', 'gcollick4@dailymotion.com5', '2006-03-07 05:18:14', false, '2020-04-04 18:03:11', 'lJ5cBcYvidMS', 'https://robohash.org/nonvoluptatemvelit.jpg?size=50x50&set=set1');
insert into USER (id, first_name, last_name, email, date_of_birth, is_admin, last_login, password, profile_picture) values (6, 'Florentia', 'Juris', 'fjuris5@free.fr6', '2007-07-08 15:09:13', false, '2020-08-30 19:45:08', '54FbSWjjkopd', 'https://robohash.org/sitteneturvoluptate.jpg?size=50x50&set=set1');
insert into USER (id, first_name, last_name, email, date_of_birth, is_admin, last_login, password, profile_picture) values (7, 'Gordon', 'Warde', 'gwarde6@webmd.com7', '1999-04-09 02:37:21', false, '2019-12-20 05:35:30', 'ltP43teNl', 'https://robohash.org/quidemeaeos.jpg?size=50x50&set=set1');
insert into USER (id, first_name, last_name, email, date_of_birth, is_admin, last_login, password, profile_picture) values (8, 'Zaccaria', 'Faulconbridge', 'zfaulconbridge7@zimbio.com8', '1995-08-24 00:24:19', false, '2020-01-06 05:55:51', 'OHIcqYIs', 'https://robohash.org/distinctioprovidentimpedit.bmp?size=50x50&set=set1');
insert into USER (id, first_name, last_name, email, date_of_birth, is_admin, last_login, password, profile_picture) values (9, 'Mariam', 'Landreth', 'mlandreth8@mit.edu9', '1997-11-26 19:47:21', false, '2020-03-09 14:20:27', 'jl5Iwtf39lac', 'https://robohash.org/etvelaut.jpg?size=50x50&set=set1');
insert into USER (id, first_name, last_name, email, date_of_birth, is_admin, last_login, password, profile_picture) values (10, 'Riannon', 'Beggin', 'rbeggin9@fastcompany.com10', '1995-04-23 15:43:17', false, '2019-12-27 09:55:05', 'faj1oRpfS', 'https://robohash.org/velitculpain.png?size=50x50&set=set1');
insert into USER (id, first_name, last_name, email, date_of_birth, is_admin, last_login, password, profile_picture) values (11, 'Abeu', 'Merwood', 'amerwooda@nih.gov11', '2003-06-15 06:17:05', false, '2019-12-06 14:28:47', 'yijlEc', 'https://robohash.org/consequaturquismolestias.bmp?size=50x50&set=set1');
insert into USER (id, first_name, last_name, email, date_of_birth, is_admin, last_login, password, profile_picture) values (12, 'Sawyer', 'Fredi', 'sfredib@jugem.jp12', '1999-05-30 02:57:12', false, '2020-04-16 10:25:25', 'cG13kWj0EDAA', 'https://robohash.org/oditteneturblanditiis.jpg?size=50x50&set=set1');
insert into USER (id, first_name, last_name, email, date_of_birth, is_admin, last_login, password, profile_picture) values (13, 'Kit', 'Willshaw', 'kwillshawc@sphinn.com13', '2009-11-06 02:07:55', false, '2020-01-25 22:43:23', '8Ezcuus', 'https://robohash.org/quisipsumvoluptatum.jpg?size=50x50&set=set1');
insert into USER (id, first_name, last_name, email, date_of_birth, is_admin, last_login, password, profile_picture) values (14, 'Cordie', 'Rankmore', 'crankmored@addtoany.com14', '2009-03-21 04:45:09', false, '2020-10-24 17:35:38', '8hyJUW6FgC', 'https://robohash.org/consecteturaliquidsint.jpg?size=50x50&set=set1');
insert into USER (id, first_name, last_name, email, date_of_birth, is_admin, last_login, password, profile_picture) values (15, 'Felix', 'Atkirk', 'fatkirke@devhub.com15', '1992-10-04 18:17:08', false, '2020-09-19 15:14:21', '4baBXkFRY', 'https://robohash.org/dolorexplicabolaudantium.bmp?size=50x50&set=set1');
insert into USER (id, first_name, last_name, email, date_of_birth, is_admin, last_login, password, profile_picture) values (16, 'Butch', 'Lambersen', 'blambersenf@weather.com16', '2009-12-27 19:04:40', false, '2020-05-02 23:32:45', 'UglTklnwgb', 'https://robohash.org/quietquam.bmp?size=50x50&set=set1');
insert into USER (id, first_name, last_name, email, date_of_birth, is_admin, last_login, password, profile_picture) values (17, 'Anett', 'Zotto', 'azottog@berkeley.edu17', '1992-11-22 21:09:08', false, '2020-08-27 22:57:13', '7tsKysCBh', 'https://robohash.org/nonetet.jpg?size=50x50&set=set1');
insert into USER (id, first_name, last_name, email, date_of_birth, is_admin, last_login, password, profile_picture) values (18, 'Rupert', 'Tinham', 'rtinhamh@who.int18', '1999-04-14 05:43:37', false, '2020-02-06 06:34:29', 'b6Cvx4', 'https://robohash.org/minusconsequaturut.bmp?size=50x50&set=set1');
insert into USER (id, first_name, last_name, email, date_of_birth, is_admin, last_login, password, profile_picture) values (19, 'Ilario', 'Stearne', 'istearnei@google.es19', '1991-03-17 23:29:57', false, '2020-10-15 03:09:14', 'woCdEpPfYVO', 'https://robohash.org/idquovoluptatem.jpg?size=50x50&set=set1');
insert into USER (id, first_name, last_name, email, date_of_birth, is_admin, last_login, password, profile_picture) values (20, 'Deidre', 'Prati', 'dpratij@mtv.com20', '1998-11-08 03:02:40', false, '2020-06-07 17:16:22', 'EAnR5ZzKZ', 'https://robohash.org/fugavoluptasquia.bmp?size=50x50&set=set1');
insert into USER (id, first_name, last_name, email, date_of_birth, is_admin, last_login, password, profile_picture) values (21, 'Worth', 'Scrogges', 'wscroggesk@live.com21', '2004-06-05 12:45:17', false, '2020-08-28 19:37:15', 'UqI4FrH', 'https://robohash.org/magnirepudiandaenisi.jpg?size=50x50&set=set1');
insert into USER (id, first_name, last_name, email, date_of_birth, is_admin, last_login, password, profile_picture) values (22, 'Kristine', 'Revens', 'krevensl@usda.gov22', '1997-02-19 19:32:41', false, '2020-06-06 22:22:53', 'HxFeERfE6p9', 'https://robohash.org/minusevenietdolor.png?size=50x50&set=set1');
insert into USER (id, first_name, last_name, email, date_of_birth, is_admin, last_login, password, profile_picture) values (23, 'Allyn', 'Savage', 'asavagem@webnode.com23', '1997-08-24 08:36:42', false, '2020-05-18 04:10:14', 'RxsLnH', 'https://robohash.org/seddoloredolor.bmp?size=50x50&set=set1');
insert into USER (id, first_name, last_name, email, date_of_birth, is_admin, last_login, password, profile_picture) values (24, 'Corrinne', 'Aubri', 'caubrin@nbcnews.com24', '1998-11-11 08:26:10', false, '2019-11-16 06:40:31', 'nrSDaP3L', 'https://robohash.org/itaqueexercitationemfacilis.bmp?size=50x50&set=set1');
insert into USER (id, first_name, last_name, email, date_of_birth, is_admin, last_login, password, profile_picture) values (25, 'Wandis', 'Izhaky', 'wizhakyo@soup.io25', '2008-07-19 18:38:44', false, '2020-09-05 07:50:43', 'gF9dTUkv5w', 'https://robohash.org/officiacorporissoluta.jpg?size=50x50&set=set1');
insert into USER (id, first_name, last_name, email, date_of_birth, is_admin, last_login, password, profile_picture) values (26, 'Cesaro', 'Salery', 'csaleryp@symantec.com26', '1997-12-05 16:03:41', false, '2020-02-01 23:29:09', 'M5Jg4N', 'https://robohash.org/molestiaedebitisratione.png?size=50x50&set=set1');
insert into USER (id, first_name, last_name, email, date_of_birth, is_admin, last_login, password, profile_picture) values (27, 'Bert', 'Brakewell', 'bbrakewellq@comcast.net27', '2004-04-20 06:00:02', false, '2020-06-25 11:56:59', 'TPPAAgw7pTFi', 'https://robohash.org/laboreexiure.bmp?size=50x50&set=set1');
insert into USER (id, first_name, last_name, email, date_of_birth, is_admin, last_login, password, profile_picture) values (28, 'Robinet', 'De Roberto', 'rderobertor@ask.com28', '1992-01-30 03:52:42', false, '2020-06-24 18:46:47', '7CQiJ2', 'https://robohash.org/omnisquiadolorum.jpg?size=50x50&set=set1');
insert into USER (id, first_name, last_name, email, date_of_birth, is_admin, last_login, password, profile_picture) values (29, 'Reinaldo', 'Romeril', 'rromerils@xing.com29', '1997-03-31 22:07:10', false, '2020-04-01 01:47:57', 'hoK3O2M0', 'https://robohash.org/beataeimpeditreiciendis.png?size=50x50&set=set1');
insert into USER (id, first_name, last_name, email, date_of_birth, is_admin, last_login, password, profile_picture) values (30, 'Arabel', 'Gregon', 'agregont@usnews.com30', '2001-05-31 01:02:34', false, '2020-05-25 12:19:58', '1PksoEWK', 'https://robohash.org/nostrumconsequaturquaerat.png?size=50x50&set=set1');
insert into USER (id, first_name, last_name, email, date_of_birth, is_admin, last_login, password, profile_picture) values (31, 'Jacki', 'Spinke', 'jspinkeu@qq.com31', '1994-08-10 18:21:18', false, '2019-12-13 20:02:38', 'RpeKl4d', 'https://robohash.org/voluptatemteneturiste.png?size=50x50&set=set1');
insert into USER (id, first_name, last_name, email, date_of_birth, is_admin, last_login, password, profile_picture) values (32, 'Bryce', 'Sayes', 'bsayesv@a8.net32', '1995-09-05 04:52:49', false, '2020-02-22 23:56:31', '4AwY1Ms58gc8', 'https://robohash.org/corporisquiid.png?size=50x50&set=set1');
insert into USER (id, first_name, last_name, email, date_of_birth, is_admin, last_login, password, profile_picture) values (33, 'Elka', 'Waplington', 'ewaplingtonw@ft.com33', '2003-10-07 02:38:12', false, '2020-06-25 03:43:33', 'JN2XyWAQj', 'https://robohash.org/magnirerumrepellendus.bmp?size=50x50&set=set1');
insert into USER (id, first_name, last_name, email, date_of_birth, is_admin, last_login, password, profile_picture) values (34, 'Wallie', 'Deetlefs', 'wdeetlefsx@bloglines.com34', '1998-04-17 08:16:53', false, '2020-10-26 08:26:55', 'n4mpNeRsBwXD', 'https://robohash.org/eaaspernaturest.bmp?size=50x50&set=set1');
insert into USER (id, first_name, last_name, email, date_of_birth, is_admin, last_login, password, profile_picture) values (35, 'Haze', 'Pheazey', 'hpheazeyy@drupal.org35', '2008-03-01 01:55:23', false, '2020-04-17 00:57:43', 'AjAgD7SYzSor', 'https://robohash.org/veritatissedconsequatur.jpg?size=50x50&set=set1');
insert into USER (id, first_name, last_name, email, date_of_birth, is_admin, last_login, password, profile_picture) values (36, 'Millie', 'Gittings', 'mgittingsz@simplemachines.org36', '2003-04-15 08:39:59', false, '2020-09-04 18:14:14', 'iq9s17', 'https://robohash.org/voluptatemveniamassumenda.bmp?size=50x50&set=set1');
insert into USER (id, first_name, last_name, email, date_of_birth, is_admin, last_login, password, profile_picture) values (37, 'Yance', 'Olwen', 'yolwen10@dropbox.com37', '2007-05-14 13:49:09', false, '2020-04-04 19:02:19', '4x0uO4M6a5jq', 'https://robohash.org/quosutperspiciatis.png?size=50x50&set=set1');
insert into USER (id, first_name, last_name, email, date_of_birth, is_admin, last_login, password, profile_picture) values (38, 'Alvin', 'Gillicuddy', 'agillicuddy11@engadget.com38', '1995-05-21 15:34:30', false, '2020-05-28 23:29:02', 'b39kJg7kEcOe', 'https://robohash.org/mollitiaquibusdamaspernatur.jpg?size=50x50&set=set1');
insert into USER (id, first_name, last_name, email, date_of_birth, is_admin, last_login, password, profile_picture) values (39, 'Berti', 'Sharrock', 'bsharrock12@redcross.org39', '2010-01-20 02:32:15', false, '2020-03-14 18:17:29', '5C3SqWZFQy', 'https://robohash.org/evenietexcepturisint.png?size=50x50&set=set1');
insert into USER (id, first_name, last_name, email, date_of_birth, is_admin, last_login, password, profile_picture) values (40, 'Andi', 'Bonnin', 'abonnin13@zimbio.com40', '2002-07-30 15:33:48', false, '2020-10-05 17:37:10', 'PzESCzNFl10', 'https://robohash.org/aetpraesentium.png?size=50x50&set=set1');
insert into USER (id, first_name, last_name, email, date_of_birth, is_admin, last_login, password, profile_picture) values (41, 'Elijah', 'Veare', 'eveare14@wisc.edu41', '2008-07-02 22:13:21', false, '2019-11-30 05:57:09', 'j5rLoqzMDK', 'https://robohash.org/praesentiumexercitationemnam.png?size=50x50&set=set1');
insert into USER (id, first_name, last_name, email, date_of_birth, is_admin, last_login, password, profile_picture) values (42, 'Edd', 'Kynder', 'ekynder15@unc.edu42', '1992-09-25 15:03:46', false, '2019-11-25 19:28:34', 'vbMies', 'https://robohash.org/utquislaudantium.bmp?size=50x50&set=set1');
insert into USER (id, first_name, last_name, email, date_of_birth, is_admin, last_login, password, profile_picture) values (43, 'Katuscha', 'Rosendahl', 'krosendahl16@trellian.com43', '1994-06-15 23:54:52', false, '2020-02-18 11:12:34', '0uYcUkE', 'https://robohash.org/ducimusculpanumquam.png?size=50x50&set=set1');
insert into USER (id, first_name, last_name, email, date_of_birth, is_admin, last_login, password, profile_picture) values (44, 'Steffie', 'Clague', 'sclague17@patch.com44', '2003-02-02 12:03:06', false, '2020-08-23 20:16:51', '2NjW28m', 'https://robohash.org/voluptasdolorummagnam.bmp?size=50x50&set=set1');
insert into USER (id, first_name, last_name, email, date_of_birth, is_admin, last_login, password, profile_picture) values (45, 'Angy', 'Priddis', 'apriddis18@gravatar.com45', '2005-07-16 13:46:33', false, '2020-05-05 07:51:05', 'CS4Zky', 'https://robohash.org/hiceadeserunt.png?size=50x50&set=set1');
insert into USER (id, first_name, last_name, email, date_of_birth, is_admin, last_login, password, profile_picture) values (46, 'Andeee', 'Dunkley', 'adunkley19@ifeng.com46', '1997-10-22 16:27:01', false, '2019-12-01 04:02:01', 'wJfOhH1RVmD', 'https://robohash.org/etofficiaat.png?size=50x50&set=set1');
insert into USER (id, first_name, last_name, email, date_of_birth, is_admin, last_login, password, profile_picture) values (47, 'Delmar', 'Flancinbaum', 'dflancinbaum1a@spiegel.de47', '1994-04-06 03:01:01', false, '2020-09-24 17:16:27', 'wa60mY2ps2', 'https://robohash.org/voluptasdoloremquea.png?size=50x50&set=set1');
insert into USER (id, first_name, last_name, email, date_of_birth, is_admin, last_login, password, profile_picture) values (48, 'Celestyna', 'Mulcock', 'cmulcock1b@blogspot.com48', '1991-09-04 19:12:12', false, '2020-07-05 22:45:40', '5rxyYyl', 'https://robohash.org/illumpraesentiumasperiores.jpg?size=50x50&set=set1');
insert into USER (id, first_name, last_name, email, date_of_birth, is_admin, last_login, password, profile_picture) values (49, 'Nonna', 'Fair', 'nfair1c@example.com49', '2001-01-11 20:24:49', false, '2020-04-14 16:36:56', 'kSoyeGT71C5S', 'https://robohash.org/itaquerepudiandaevoluptatem.jpg?size=50x50&set=set1');
insert into USER (id, first_name, last_name, email, date_of_birth, is_admin, last_login, password, profile_picture) values (50, 'Syman', 'Sheppard', 'ssheppard1d@europa.eu50', '2010-07-22 02:44:58', false, '2020-03-24 03:48:02', 'lW80zn', 'https://robohash.org/temporaquisquamid.png?size=50x50&set=set1');
insert into TOPIC (id, name, timestamp, user_id) values (1, 'Sub-Ex1', '2019-11-09 15:25:00', 14);
insert into TOPIC (id, name, timestamp, user_id) values (2, 'Voyatouch2', '2020-08-10 04:41:00', 18);
insert into TOPIC (id, name, timestamp, user_id) values (3, 'Span3', '2019-12-16 01:03:52', 20);
insert into TOPIC (id, name, timestamp, user_id) values (4, 'Ronstring4', '2020-07-23 01:28:06', 40);
insert into TOPIC (id, name, timestamp, user_id) values (5, 'Bigtax5', '2020-09-28 12:30:53', 2);
insert into TOPIC (id, name, timestamp, user_id) values (6, 'Subin6', '2020-01-10 13:47:03', 50);
insert into TOPIC (id, name, timestamp, user_id) values (7, 'Solarbreeze7', '2020-01-03 01:50:20', 37);
insert into TOPIC (id, name, timestamp, user_id) values (8, 'Holdlamis8', '2020-03-23 00:20:18', 29);
insert into TOPIC (id, name, timestamp, user_id) values (9, 'Bamity9', '2020-02-13 16:28:45', 41);
insert into TOPIC (id, name, timestamp, user_id) values (10, 'Cardify10', '2020-05-06 20:28:16', 37);
insert into TOPIC (id, name, timestamp, user_id) values (11, 'Ventosanzap11', '2020-01-25 03:15:09', 28);
insert into TOPIC (id, name, timestamp, user_id) values (12, 'Tempsoft12', '2020-08-10 17:26:10', 11);
insert into TOPIC (id, name, timestamp, user_id) values (13, 'Stim13', '2020-09-06 06:37:23', 34);
insert into TOPIC (id, name, timestamp, user_id) values (14, 'Cardguard14', '2020-05-22 02:44:07', 6);
insert into TOPIC (id, name, timestamp, user_id) values (15, 'Veribet15', '2019-11-28 21:00:55', 13);
insert into TOPIC (id, name, timestamp, user_id) values (16, 'Flowdesk16', '2020-08-29 12:24:38', 28);
insert into TOPIC (id, name, timestamp, user_id) values (17, 'Alphazap17', '2020-06-14 13:53:53', 32);
insert into TOPIC (id, name, timestamp, user_id) values (18, 'Zathin18', '2020-03-09 04:46:44', 50);
insert into TOPIC (id, name, timestamp, user_id) values (19, 'Aerified19', '2020-04-25 11:55:29', 6);
insert into TOPIC (id, name, timestamp, user_id) values (20, 'Otcom20', '2019-11-11 15:41:40', 3);
insert into TOPIC (id, name, timestamp, user_id) values (21, 'Zathin21', '2020-10-04 19:34:06', 1);
insert into TOPIC (id, name, timestamp, user_id) values (22, 'Solarbreeze22', '2020-08-31 16:26:22', 11);
insert into TOPIC (id, name, timestamp, user_id) values (23, 'Temp23', '2020-01-25 18:09:12', 31);
insert into TOPIC (id, name, timestamp, user_id) values (24, 'Voyatouch24', '2020-03-21 19:02:09', 45);
insert into TOPIC (id, name, timestamp, user_id) values (25, 'Aerified25', '2020-06-17 17:47:23', 1);
insert into TOPIC (id, name, timestamp, user_id) values (26, 'Keylex26', '2020-09-22 04:07:21', 33);
insert into TOPIC (id, name, timestamp, user_id) values (27, 'Bitchip27', '2020-07-19 11:46:03', 17);
insert into TOPIC (id, name, timestamp, user_id) values (28, 'Redhold28', '2020-10-05 22:39:21', 30);
insert into TOPIC (id, name, timestamp, user_id) values (29, 'Daltfresh29', '2020-07-17 23:00:16', 15);
insert into TOPIC (id, name, timestamp, user_id) values (30, 'Home Ing30', '2020-09-01 03:39:32', 27);
insert into TOPIC (id, name, timestamp, user_id) values (31, 'Overhold31', '2020-05-25 09:57:42', 14);
insert into TOPIC (id, name, timestamp, user_id) values (32, 'Konklux32', '2019-12-30 10:40:21', 1);
insert into TOPIC (id, name, timestamp, user_id) values (33, 'Vagram33', '2020-01-17 02:32:18', 7);
insert into TOPIC (id, name, timestamp, user_id) values (34, 'Andalax34', '2019-11-17 22:53:35', 15);
insert into TOPIC (id, name, timestamp, user_id) values (35, 'Mat Lam Tam35', '2020-04-29 22:01:48', 45);
insert into TOPIC (id, name, timestamp, user_id) values (36, 'Tampflex36', '2020-07-23 23:34:52', 19);
insert into TOPIC (id, name, timestamp, user_id) values (37, 'Span37', '2019-11-24 02:14:38', 38);
insert into TOPIC (id, name, timestamp, user_id) values (38, 'Sonair38', '2020-06-28 20:59:23', 24);
insert into TOPIC (id, name, timestamp, user_id) values (39, 'Domainer39', '2020-07-13 23:32:40', 2);
insert into TOPIC (id, name, timestamp, user_id) values (40, 'Quo Lux40', '2019-11-11 01:51:44', 48);
insert into TOPIC (id, name, timestamp, user_id) values (41, 'Temp41', '2020-03-05 22:55:34', 18);
insert into TOPIC (id, name, timestamp, user_id) values (42, 'Vagram42', '2020-01-17 09:30:24', 29);
insert into TOPIC (id, name, timestamp, user_id) values (43, 'Rank43', '2019-11-26 07:22:22', 5);
insert into TOPIC (id, name, timestamp, user_id) values (44, 'Stronghold44', '2020-07-29 08:16:07', 38);
insert into TOPIC (id, name, timestamp, user_id) values (45, 'Tres-Zap45', '2020-04-08 13:54:56', 30);
insert into TOPIC (id, name, timestamp, user_id) values (46, 'Alphazap46', '2019-12-29 23:15:27', 26);
insert into TOPIC (id, name, timestamp, user_id) values (47, 'Cookley47', '2020-03-08 09:50:29', 4);
insert into TOPIC (id, name, timestamp, user_id) values (48, 'Hatity48', '2020-07-01 07:34:51', 31);
insert into TOPIC (id, name, timestamp, user_id) values (49, 'Bigtax49', '2019-11-11 05:53:28', 26);
insert into TOPIC (id, name, timestamp, user_id) values (50, 'Zaam-Dox50', '2020-05-25 13:02:40', 7);
insert into POST (id, file, text_content, timestamp, parent_topic_id, starter_post_id, user_id) values (1, 'IntegerANibh.xls', 'Nam ultrices, libero non mattis pulvinar, nulla pede ullamcorper augue, a suscipit nulla elit ac nulla. Sed vel enim sit amet nunc viverra dapibus. Nulla suscipit ligula in lacus.

Curabitur at ipsum ac tellus semper interdum. Mauris ullamcorper purus sit amet nulla. Quisque arcu libero, rutrum ac, lobortis vel, dapibus at, diam.', '2020-03-09 11:34:59', 3, null, 25);
insert into POST (id, file, text_content, timestamp, parent_topic_id, starter_post_id, user_id) values (2, 'AtNibhIn.png', 'Lorem ipsum dolor sit amet, consectetuer adipiscing elit. Proin risus. Praesent lectus.

Vestibulum quam sapien, varius ut, blandit non, interdum in, ante. Vestibulum ante ipsum primis in faucibus orci luctus et ultrices posuere cubilia Curae; Duis faucibus accumsan odio. Curabitur convallis.', '2020-08-06 12:36:40', 33, null, 46);
insert into POST (id, file, text_content, timestamp, parent_topic_id, starter_post_id, user_id) values (3, 'CurabiturGravida.xls', 'Duis consequat dui nec nisi volutpat eleifend. Donec ut dolor. Morbi vel lectus in quam fringilla rhoncus.

Mauris enim leo, rhoncus sed, vestibulum sit amet, cursus id, turpis. Integer aliquet, massa id lobortis convallis, tortor risus dapibus augue, vel accumsan tellus nisi eu orci. Mauris lacinia sapien quis libero.

Nullam sit amet turpis elementum ligula vehicula consequat. Morbi a ipsum. Integer a nibh.', '2020-03-03 05:06:34', 32, null, 30);
insert into POST (id, file, text_content, timestamp, parent_topic_id, starter_post_id, user_id) values (4, 'Duis.mp3', 'Curabitur gravida nisi at nibh. In hac habitasse platea dictumst. Aliquam augue quam, sollicitudin vitae, consectetuer eget, rutrum at, lorem.

Integer tincidunt ante vel ipsum. Praesent blandit lacinia erat. Vestibulum sed magna at nunc commodo placerat.

Praesent blandit. Nam nulla. Integer pede justo, lacinia eget, tincidunt eget, tempus vel, pede.', '2019-12-09 16:51:52', 36, null, 47);
insert into POST (id, file, text_content, timestamp, parent_topic_id, starter_post_id, user_id) values (5, 'NullaElitAc.mp3', 'Curabitur gravida nisi at nibh. In hac habitasse platea dictumst. Aliquam augue quam, sollicitudin vitae, consectetuer eget, rutrum at, lorem.', '2020-06-07 15:39:19', 16, null, 37);
insert into POST (id, file, text_content, timestamp, parent_topic_id, starter_post_id, user_id) values (6, 'Ultrices.mp3', 'Integer ac leo. Pellentesque ultrices mattis odio. Donec vitae nisi.

Nam ultrices, libero non mattis pulvinar, nulla pede ullamcorper augue, a suscipit nulla elit ac nulla. Sed vel enim sit amet nunc viverra dapibus. Nulla suscipit ligula in lacus.', '2020-01-12 19:50:53', 49, null, 18);
insert into POST (id, file, text_content, timestamp, parent_topic_id, starter_post_id, user_id) values (7, 'UltricesPosuereCubilia.tiff', 'Maecenas ut massa quis augue luctus tincidunt. Nulla mollis molestie lorem. Quisque ut erat.', '2019-11-09 20:28:43', 4, null, 40);
insert into POST (id, file, text_content, timestamp, parent_topic_id, starter_post_id, user_id) values (8, 'InQuamFringilla.jpeg', 'Morbi porttitor lorem id ligula. Suspendisse ornare consequat lectus. In est risus, auctor sed, tristique in, tempus sit amet, sem.

Fusce consequat. Nulla nisl. Nunc nisl.', '2020-02-27 23:01:30', 11, null, 29);
insert into POST (id, file, text_content, timestamp, parent_topic_id, starter_post_id, user_id) values (9, 'Nec.tiff', 'Duis aliquam convallis nunc. Proin at turpis a pede posuere nonummy. Integer non velit.', '2020-07-15 15:49:44', 21, null, 28);
insert into POST (id, file, text_content, timestamp, parent_topic_id, starter_post_id, user_id) values (10, 'Orci.ppt', 'Duis consequat dui nec nisi volutpat eleifend. Donec ut dolor. Morbi vel lectus in quam fringilla rhoncus.', '2020-04-30 19:33:07', 39, null, 9);
insert into POST (id, file, text_content, timestamp, parent_topic_id, starter_post_id, user_id) values (11, 'DuiVel.xls', 'Duis bibendum. Morbi non quam nec dui luctus rutrum. Nulla tellus.

In sagittis dui vel nisl. Duis ac nibh. Fusce lacus purus, aliquet at, feugiat non, pretium quis, lectus.', '2019-11-24 23:19:00', 20, null, 48);
insert into POST (id, file, text_content, timestamp, parent_topic_id, starter_post_id, user_id) values (12, 'InFelisEu.gif', 'In sagittis dui vel nisl. Duis ac nibh. Fusce lacus purus, aliquet at, feugiat non, pretium quis, lectus.

Suspendisse potenti. In eleifend quam a odio. In hac habitasse platea dictumst.

Maecenas ut massa quis augue luctus tincidunt. Nulla mollis molestie lorem. Quisque ut erat.', '2020-06-21 10:25:11', 13, null, 22);
insert into POST (id, file, text_content, timestamp, parent_topic_id, starter_post_id, user_id) values (13, 'ConsequatUtNulla.xls', 'Fusce posuere felis sed lacus. Morbi sem mauris, laoreet ut, rhoncus aliquet, pulvinar sed, nisl. Nunc rhoncus dui vel sem.', '2020-07-22 08:47:02', 3, null, 37);
insert into POST (id, file, text_content, timestamp, parent_topic_id, starter_post_id, user_id) values (14, 'RutrumNulla.xls', 'Maecenas ut massa quis augue luctus tincidunt. Nulla mollis molestie lorem. Quisque ut erat.

Curabitur gravida nisi at nibh. In hac habitasse platea dictumst. Aliquam augue quam, sollicitudin vitae, consectetuer eget, rutrum at, lorem.

Integer tincidunt ante vel ipsum. Praesent blandit lacinia erat. Vestibulum sed magna at nunc commodo placerat.', '2020-02-26 13:31:28', 1, null, 16);
insert into POST (id, file, text_content, timestamp, parent_topic_id, starter_post_id, user_id) values (15, 'Aliquet.ppt', 'Cum sociis natoque penatibus et magnis dis parturient montes, nascetur ridiculus mus. Vivamus vestibulum sagittis sapien. Cum sociis natoque penatibus et magnis dis parturient montes, nascetur ridiculus mus.

Etiam vel augue. Vestibulum rutrum rutrum neque. Aenean auctor gravida sem.', '2020-01-21 07:36:20', 47, null, 47);
insert into POST (id, file, text_content, timestamp, parent_topic_id, starter_post_id, user_id) values (16, 'PlateaDictumstEtiam.avi', 'Aenean fermentum. Donec ut mauris eget massa tempor convallis. Nulla neque libero, convallis eget, eleifend luctus, ultricies eu, nibh.

Quisque id justo sit amet sapien dignissim vestibulum. Vestibulum ante ipsum primis in faucibus orci luctus et ultrices posuere cubilia Curae; Nulla dapibus dolor vel est. Donec odio justo, sollicitudin ut, suscipit a, feugiat et, eros.

Vestibulum ac est lacinia nisi venenatis tristique. Fusce congue, diam id ornare imperdiet, sapien urna pretium nisl, ut volutpat sapien arcu sed augue. Aliquam erat volutpat.', '2020-01-06 18:28:44', 41, null, 15);
insert into POST (id, file, text_content, timestamp, parent_topic_id, starter_post_id, user_id) values (17, 'AFeugiat.jpeg', 'Mauris enim leo, rhoncus sed, vestibulum sit amet, cursus id, turpis. Integer aliquet, massa id lobortis convallis, tortor risus dapibus augue, vel accumsan tellus nisi eu orci. Mauris lacinia sapien quis libero.', '2020-05-20 05:39:49', 19, null, 3);
insert into POST (id, file, text_content, timestamp, parent_topic_id, starter_post_id, user_id) values (18, 'DonecDapibus.mp3', 'Proin leo odio, porttitor id, consequat in, consequat ut, nulla. Sed accumsan felis. Ut at dolor quis odio consequat varius.', '2020-03-02 00:45:57', 4, null, 14);
insert into POST (id, file, text_content, timestamp, parent_topic_id, starter_post_id, user_id) values (19, 'Nec.xls', 'Curabitur in libero ut massa volutpat convallis. Morbi odio odio, elementum eu, interdum eu, tincidunt in, leo. Maecenas pulvinar lobortis est.', '2020-04-04 22:59:37', 21, null, 25);
insert into POST (id, file, text_content, timestamp, parent_topic_id, starter_post_id, user_id) values (20, 'QuamAOdio.mp3', 'In hac habitasse platea dictumst. Morbi vestibulum, velit id pretium iaculis, diam erat fermentum justo, nec condimentum neque sapien placerat ante. Nulla justo.', '2020-10-01 15:27:48', 44, null, 50);
insert into POST (id, file, text_content, timestamp, parent_topic_id, starter_post_id, user_id) values (21, 'PosuereCubiliaCurae.avi', 'Nullam porttitor lacus at turpis. Donec posuere metus vitae ipsum. Aliquam non mauris.

Morbi non lectus. Aliquam sit amet diam in magna bibendum imperdiet. Nullam orci pede, venenatis non, sodales sed, tincidunt eu, felis.

Fusce posuere felis sed lacus. Morbi sem mauris, laoreet ut, rhoncus aliquet, pulvinar sed, nisl. Nunc rhoncus dui vel sem.', '2019-11-28 05:44:50', 20, null, 39);
insert into POST (id, file, text_content, timestamp, parent_topic_id, starter_post_id, user_id) values (22, 'QuamPedeLobortis.xls', 'Maecenas tristique, est et tempus semper, est quam pharetra magna, ac consequat metus sapien ut nunc. Vestibulum ante ipsum primis in faucibus orci luctus et ultrices posuere cubilia Curae; Mauris viverra diam vitae quam. Suspendisse potenti.

Nullam porttitor lacus at turpis. Donec posuere metus vitae ipsum. Aliquam non mauris.', '2019-11-29 22:03:25', 4, null, 29);
insert into POST (id, file, text_content, timestamp, parent_topic_id, starter_post_id, user_id) values (23, 'PurusEuMagna.png', 'In hac habitasse platea dictumst. Etiam faucibus cursus urna. Ut tellus.', '2020-08-03 06:12:25', 40, null, 45);
insert into POST (id, file, text_content, timestamp, parent_topic_id, starter_post_id, user_id) values (24, 'JustoMaecenasRhoncus.ppt', 'Lorem ipsum dolor sit amet, consectetuer adipiscing elit. Proin risus. Praesent lectus.', '2020-09-03 16:01:37', 39, null, 31);
insert into POST (id, file, text_content, timestamp, parent_topic_id, starter_post_id, user_id) values (25, 'EstDonecOdio.jpeg', 'Nulla ut erat id mauris vulputate elementum. Nullam varius. Nulla facilisi.', '2020-07-16 13:04:25', 11, null, 33);
insert into POST (id, file, text_content, timestamp, parent_topic_id, starter_post_id, user_id) values (26, 'At.mp3', 'Nullam sit amet turpis elementum ligula vehicula consequat. Morbi a ipsum. Integer a nibh.

In quis justo. Maecenas rhoncus aliquam lacus. Morbi quis tortor id nulla ultrices aliquet.', '2020-03-06 09:15:57', 27, null, 10);
insert into POST (id, file, text_content, timestamp, parent_topic_id, starter_post_id, user_id) values (27, 'Dapibus.png', 'In hac habitasse platea dictumst. Etiam faucibus cursus urna. Ut tellus.

Nulla ut erat id mauris vulputate elementum. Nullam varius. Nulla facilisi.', '2020-08-27 16:04:57', 10, null, 3);
insert into POST (id, file, text_content, timestamp, parent_topic_id, starter_post_id, user_id) values (28, 'MagnaAtNunc.tiff', 'In sagittis dui vel nisl. Duis ac nibh. Fusce lacus purus, aliquet at, feugiat non, pretium quis, lectus.

Suspendisse potenti. In eleifend quam a odio. In hac habitasse platea dictumst.

Maecenas ut massa quis augue luctus tincidunt. Nulla mollis molestie lorem. Quisque ut erat.', '2019-12-14 10:25:27', 9, null, 24);
insert into POST (id, file, text_content, timestamp, parent_topic_id, starter_post_id, user_id) values (29, 'QuisTurpisSed.mp3', 'Mauris enim leo, rhoncus sed, vestibulum sit amet, cursus id, turpis. Integer aliquet, massa id lobortis convallis, tortor risus dapibus augue, vel accumsan tellus nisi eu orci. Mauris lacinia sapien quis libero.

Nullam sit amet turpis elementum ligula vehicula consequat. Morbi a ipsum. Integer a nibh.

In quis justo. Maecenas rhoncus aliquam lacus. Morbi quis tortor id nulla ultrices aliquet.', '2020-01-21 12:34:04', 39, null, 2);
insert into POST (id, file, text_content, timestamp, parent_topic_id, starter_post_id, user_id) values (30, 'Iaculis.tiff', 'Cum sociis natoque penatibus et magnis dis parturient montes, nascetur ridiculus mus. Vivamus vestibulum sagittis sapien. Cum sociis natoque penatibus et magnis dis parturient montes, nascetur ridiculus mus.

Etiam vel augue. Vestibulum rutrum rutrum neque. Aenean auctor gravida sem.', '2020-07-20 11:14:25', 25, null, 26);
insert into POST (id, file, text_content, timestamp, parent_topic_id, starter_post_id, user_id) values (31, 'Tortor.tiff', 'In hac habitasse platea dictumst. Morbi vestibulum, velit id pretium iaculis, diam erat fermentum justo, nec condimentum neque sapien placerat ante. Nulla justo.', '2019-12-15 12:01:08', 19, null, 23);
insert into POST (id, file, text_content, timestamp, parent_topic_id, starter_post_id, user_id) values (32, 'ErosViverra.tiff', 'Proin leo odio, porttitor id, consequat in, consequat ut, nulla. Sed accumsan felis. Ut at dolor quis odio consequat varius.

Integer ac leo. Pellentesque ultrices mattis odio. Donec vitae nisi.', '2019-11-21 08:31:22', 30, null, 32);
insert into POST (id, file, text_content, timestamp, parent_topic_id, starter_post_id, user_id) values (33, 'DolorSit.mp3', 'Proin interdum mauris non ligula pellentesque ultrices. Phasellus id sapien in sapien iaculis congue. Vivamus metus arcu, adipiscing molestie, hendrerit at, vulputate vitae, nisl.', '2020-08-07 22:31:47', 48, null, 10);
insert into POST (id, file, text_content, timestamp, parent_topic_id, starter_post_id, user_id) values (34, 'OrciPede.txt', 'Cras mi pede, malesuada in, imperdiet et, commodo vulputate, justo. In blandit ultrices enim. Lorem ipsum dolor sit amet, consectetuer adipiscing elit.

Proin interdum mauris non ligula pellentesque ultrices. Phasellus id sapien in sapien iaculis congue. Vivamus metus arcu, adipiscing molestie, hendrerit at, vulputate vitae, nisl.

Aenean lectus. Pellentesque eget nunc. Donec quis orci eget orci vehicula condimentum.', '2019-12-29 12:16:22', 45, null, 18);
insert into POST (id, file, text_content, timestamp, parent_topic_id, starter_post_id, user_id) values (35, 'PedeLobortisLigula.txt', 'Nullam sit amet turpis elementum ligula vehicula consequat. Morbi a ipsum. Integer a nibh.', '2020-07-04 09:21:30', 39, null, 24);
insert into POST (id, file, text_content, timestamp, parent_topic_id, starter_post_id, user_id) values (36, 'Augue.mp3', 'Maecenas tristique, est et tempus semper, est quam pharetra magna, ac consequat metus sapien ut nunc. Vestibulum ante ipsum primis in faucibus orci luctus et ultrices posuere cubilia Curae; Mauris viverra diam vitae quam. Suspendisse potenti.', '2020-08-30 16:12:39', 37, null, 10);
insert into POST (id, file, text_content, timestamp, parent_topic_id, starter_post_id, user_id) values (37, 'Consequat.avi', 'Duis consequat dui nec nisi volutpat eleifend. Donec ut dolor. Morbi vel lectus in quam fringilla rhoncus.

Mauris enim leo, rhoncus sed, vestibulum sit amet, cursus id, turpis. Integer aliquet, massa id lobortis convallis, tortor risus dapibus augue, vel accumsan tellus nisi eu orci. Mauris lacinia sapien quis libero.

Nullam sit amet turpis elementum ligula vehicula consequat. Morbi a ipsum. Integer a nibh.', '2020-08-31 20:23:55', 11, null, 34);
insert into POST (id, file, text_content, timestamp, parent_topic_id, starter_post_id, user_id) values (38, 'InTempusSit.mp3', 'Cras mi pede, malesuada in, imperdiet et, commodo vulputate, justo. In blandit ultrices enim. Lorem ipsum dolor sit amet, consectetuer adipiscing elit.

Proin interdum mauris non ligula pellentesque ultrices. Phasellus id sapien in sapien iaculis congue. Vivamus metus arcu, adipiscing molestie, hendrerit at, vulputate vitae, nisl.', '2020-05-29 16:17:31', 39, null, 46);
insert into POST (id, file, text_content, timestamp, parent_topic_id, starter_post_id, user_id) values (39, 'EgetOrciVehicula.pdf', 'In hac habitasse platea dictumst. Morbi vestibulum, velit id pretium iaculis, diam erat fermentum justo, nec condimentum neque sapien placerat ante. Nulla justo.

Aliquam quis turpis eget elit sodales scelerisque. Mauris sit amet eros. Suspendisse accumsan tortor quis turpis.', '2020-06-27 10:12:02', 24, null, 50);
insert into POST (id, file, text_content, timestamp, parent_topic_id, starter_post_id, user_id) values (40, 'InLiberoUt.doc', 'Praesent id massa id nisl venenatis lacinia. Aenean sit amet justo. Morbi ut odio.', '2020-08-13 07:47:24', 23, null, 14);
insert into POST (id, file, text_content, timestamp, parent_topic_id, starter_post_id, user_id) values (41, 'Dolor.avi', 'Duis aliquam convallis nunc. Proin at turpis a pede posuere nonummy. Integer non velit.

Donec diam neque, vestibulum eget, vulputate ut, ultrices vel, augue. Vestibulum ante ipsum primis in faucibus orci luctus et ultrices posuere cubilia Curae; Donec pharetra, magna vestibulum aliquet ultrices, erat tortor sollicitudin mi, sit amet lobortis sapien sapien non mi. Integer ac neque.', '2020-10-07 00:42:22', 9, null, 32);
insert into POST (id, file, text_content, timestamp, parent_topic_id, starter_post_id, user_id) values (42, 'DapibusAugueVel.ppt', 'Cum sociis natoque penatibus et magnis dis parturient montes, nascetur ridiculus mus. Vivamus vestibulum sagittis sapien. Cum sociis natoque penatibus et magnis dis parturient montes, nascetur ridiculus mus.

Etiam vel augue. Vestibulum rutrum rutrum neque. Aenean auctor gravida sem.', '2019-12-21 20:37:59', 49, null, 5);
insert into POST (id, file, text_content, timestamp, parent_topic_id, starter_post_id, user_id) values (43, 'RhoncusAliquamLacus.gif', 'Phasellus sit amet erat. Nulla tempus. Vivamus in felis eu sapien cursus vestibulum.

Proin eu mi. Nulla ac enim. In tempor, turpis nec euismod scelerisque, quam turpis adipiscing lorem, vitae mattis nibh ligula nec sem.', '2019-11-23 01:21:02', 49, null, 12);
insert into POST (id, file, text_content, timestamp, parent_topic_id, starter_post_id, user_id) values (44, 'Sapien.ppt', 'Cum sociis natoque penatibus et magnis dis parturient montes, nascetur ridiculus mus. Vivamus vestibulum sagittis sapien. Cum sociis natoque penatibus et magnis dis parturient montes, nascetur ridiculus mus.', '2020-03-02 02:31:25', 12, null, 10);
insert into POST (id, file, text_content, timestamp, parent_topic_id, starter_post_id, user_id) values (45, 'Sapien.xls', 'Duis bibendum, felis sed interdum venenatis, turpis enim blandit mi, in porttitor pede justo eu massa. Donec dapibus. Duis at velit eu est congue elementum.', '2020-02-09 09:58:03', 1, null, 17);
insert into POST (id, file, text_content, timestamp, parent_topic_id, starter_post_id, user_id) values (46, 'TortorSollicitudinMi.ppt', 'Cras mi pede, malesuada in, imperdiet et, commodo vulputate, justo. In blandit ultrices enim. Lorem ipsum dolor sit amet, consectetuer adipiscing elit.

Proin interdum mauris non ligula pellentesque ultrices. Phasellus id sapien in sapien iaculis congue. Vivamus metus arcu, adipiscing molestie, hendrerit at, vulputate vitae, nisl.

Aenean lectus. Pellentesque eget nunc. Donec quis orci eget orci vehicula condimentum.', '2020-01-04 13:03:35', 10, null, 24);
insert into POST (id, file, text_content, timestamp, parent_topic_id, starter_post_id, user_id) values (47, 'PhasellusInFelis.mp3', 'Nam ultrices, libero non mattis pulvinar, nulla pede ullamcorper augue, a suscipit nulla elit ac nulla. Sed vel enim sit amet nunc viverra dapibus. Nulla suscipit ligula in lacus.

Curabitur at ipsum ac tellus semper interdum. Mauris ullamcorper purus sit amet nulla. Quisque arcu libero, rutrum ac, lobortis vel, dapibus at, diam.', '2020-03-17 01:56:20', 9, null, 47);
insert into POST (id, file, text_content, timestamp, parent_topic_id, starter_post_id, user_id) values (48, 'MontesNasceturRidiculus.pdf', 'Praesent blandit. Nam nulla. Integer pede justo, lacinia eget, tincidunt eget, tempus vel, pede.', '2020-03-09 19:22:55', 34, null, 5);
insert into POST (id, file, text_content, timestamp, parent_topic_id, starter_post_id, user_id) values (49, 'PraesentIdMassa.avi', 'In sagittis dui vel nisl. Duis ac nibh. Fusce lacus purus, aliquet at, feugiat non, pretium quis, lectus.', '2019-12-25 22:32:57', 7, null, 14);
insert into POST (id, file, text_content, timestamp, parent_topic_id, starter_post_id, user_id) values (50, 'LeoRhoncus.tiff', 'Praesent blandit. Nam nulla. Integer pede justo, lacinia eget, tincidunt eget, tempus vel, pede.', '2020-08-03 00:51:45', 48, null, 9);
