insert into USER (ID, DATE_OF_BIRTH, EMAIL, FIRST_NAME, IS_ADMIN, LAST_LOGIN, LAST_NAME, PASSWORD, PROFILE_PICTURE) values (1, '1990-02-27 21:44:48', 'afance0@sbwire.com', 'Alphard', true, '2020-07-02 03:46:29', 'Fance', 'ZKpVJGOLbr', 'https://robohash.org/porroestea.jpg?size=50x50&set=set1');
insert into USER (ID, DATE_OF_BIRTH, EMAIL, FIRST_NAME, IS_ADMIN, LAST_LOGIN, LAST_NAME, PASSWORD, PROFILE_PICTURE) values (2, '1992-09-07 04:24:32', 'eclifton1@walmart.com', 'Elva', true, '2020-01-16 15:45:19', 'Clifton', 'BShOaPy', 'https://robohash.org/possimusnonvoluptates.jpg?size=50x50&set=set1');
insert into USER (ID, DATE_OF_BIRTH, EMAIL, FIRST_NAME, IS_ADMIN, LAST_LOGIN, LAST_NAME, PASSWORD, PROFILE_PICTURE) values (3, '1987-04-26 18:13:53', 'gschall2@skype.com', 'Gracie', false, '2020-04-28 15:53:58', 'Schall', 'H6nuw5gFb', 'https://robohash.org/omnisipsamaccusamus.jpg?size=50x50&set=set1');
insert into USER (ID, DATE_OF_BIRTH, EMAIL, FIRST_NAME, IS_ADMIN, LAST_LOGIN, LAST_NAME, PASSWORD, PROFILE_PICTURE) values (4, '1990-08-06 23:26:05', 'gburfitt3@twitter.com', 'Georgianna', true, '2020-08-13 21:54:12', 'Burfitt', 'qdW4PZN', 'https://robohash.org/quisquameligendiqui.jpg?size=50x50&set=set1');
insert into USER (ID, DATE_OF_BIRTH, EMAIL, FIRST_NAME, IS_ADMIN, LAST_LOGIN, LAST_NAME, PASSWORD, PROFILE_PICTURE) values (5, '1997-01-29 15:42:50', 'bfilipov4@facebook.com', 'Belle', true, '2020-09-09 11:39:29', 'Filipov', 'm0IjNI', 'https://robohash.org/dignissimosminimadolore.jpg?size=50x50&set=set1');
insert into USER (ID, DATE_OF_BIRTH, EMAIL, FIRST_NAME, IS_ADMIN, LAST_LOGIN, LAST_NAME, PASSWORD, PROFILE_PICTURE) values (6, '1982-10-23 11:37:44', 'kwhyley5@bloomberg.com', 'Kalindi', true, '2020-04-05 20:11:46', 'Whyley', 'bnvsFbxHwxPS', 'https://robohash.org/etestvoluptatum.jpg?size=50x50&set=set1');
insert into USER (ID, DATE_OF_BIRTH, EMAIL, FIRST_NAME, IS_ADMIN, LAST_LOGIN, LAST_NAME, PASSWORD, PROFILE_PICTURE) values (7, '2000-05-02 06:34:18', 'arapley6@chronoengine.com', 'Aurelia', false, '2020-06-24 00:48:48', 'Rapley', 'hGbJyQG', 'https://robohash.org/sapienteofficiisest.jpg?size=50x50&set=set1');
insert into USER (ID, DATE_OF_BIRTH, EMAIL, FIRST_NAME, IS_ADMIN, LAST_LOGIN, LAST_NAME, PASSWORD, PROFILE_PICTURE) values (8, '1986-12-01 17:45:43', 'mstede7@tumblr.com', 'Myriam', true, '2020-04-24 04:29:14', 'Stede', 'HpVVaP51', 'https://robohash.org/teneturmolestiasnecessitatibus.jpg?size=50x50&set=set1');
insert into USER (ID, DATE_OF_BIRTH, EMAIL, FIRST_NAME, IS_ADMIN, LAST_LOGIN, LAST_NAME, PASSWORD, PROFILE_PICTURE) values (9, '1994-12-14 18:09:58', 'sableson8@typepad.com', 'Shaine', true, '2020-04-27 07:39:24', 'Ableson', 'ur1Tzv', 'https://robohash.org/dolorequiaut.jpg?size=50x50&set=set1');
insert into USER (ID, DATE_OF_BIRTH, EMAIL, FIRST_NAME, IS_ADMIN, LAST_LOGIN, LAST_NAME, PASSWORD, PROFILE_PICTURE) values (10, '1990-05-03 16:32:18', 'fflannigan9@ftc.gov', 'Fernanda', true, '2020-05-27 19:00:57', 'Flannigan', 'bN1Hf0T', 'https://robohash.org/sedomnisdeleniti.jpg?size=50x50&set=set1');
insert into USER (ID, DATE_OF_BIRTH, EMAIL, FIRST_NAME, IS_ADMIN, LAST_LOGIN, LAST_NAME, PASSWORD, PROFILE_PICTURE) values (11, '1988-10-20 00:50:57', 'lmcgeraghtya@nsw.gov.au', 'Lynnet', false, '2019-11-21 07:10:49', 'McGeraghty', 'MjmxBzj', 'https://robohash.org/dignissimossitea.jpg?size=50x50&set=set1');
insert into USER (ID, DATE_OF_BIRTH, EMAIL, FIRST_NAME, IS_ADMIN, LAST_LOGIN, LAST_NAME, PASSWORD, PROFILE_PICTURE) values (12, '1984-02-11 02:04:06', 'kleindeckerb@tripadvisor.com', 'Kit', true, '2020-05-22 17:44:22', 'Leindecker', 'k2FfHAiYy', 'https://robohash.org/isteveniamvel.jpg?size=50x50&set=set1');
insert into USER (ID, DATE_OF_BIRTH, EMAIL, FIRST_NAME, IS_ADMIN, LAST_LOGIN, LAST_NAME, PASSWORD, PROFILE_PICTURE) values (13, '2000-08-30 16:09:14', 'jcoolicanc@paypal.com', 'Jordan', false, '2020-05-11 03:13:17', 'Coolican', 'NLq5AAjor', 'https://robohash.org/utnumquamomnis.jpg?size=50x50&set=set1');
insert into USER (ID, DATE_OF_BIRTH, EMAIL, FIRST_NAME, IS_ADMIN, LAST_LOGIN, LAST_NAME, PASSWORD, PROFILE_PICTURE) values (14, '1989-04-18 12:12:16', 'dmclanaghand@salon.com', 'Dorolisa', true, '2020-10-20 09:46:22', 'McLanaghan', 'io6J2J0', 'https://robohash.org/veniamsitimpedit.jpg?size=50x50&set=set1');
insert into USER (ID, DATE_OF_BIRTH, EMAIL, FIRST_NAME, IS_ADMIN, LAST_LOGIN, LAST_NAME, PASSWORD, PROFILE_PICTURE) values (15, '2002-01-09 16:50:13', 'fwindebanke@independent.co.uk', 'Friedrick', true, '2019-11-17 05:22:28', 'Windebank', 'xKnawCg', 'https://robohash.org/sitvoluptastempore.jpg?size=50x50&set=set1');
insert into USER (ID, DATE_OF_BIRTH, EMAIL, FIRST_NAME, IS_ADMIN, LAST_LOGIN, LAST_NAME, PASSWORD, PROFILE_PICTURE) values (16, '1986-01-02 07:24:05', 'tlobf@seesaa.net', 'Tome', true, '2020-06-12 11:53:48', 'Lob', 'cx5as9Fh', 'https://robohash.org/quaeminimadolorem.jpg?size=50x50&set=set1');
insert into USER (ID, DATE_OF_BIRTH, EMAIL, FIRST_NAME, IS_ADMIN, LAST_LOGIN, LAST_NAME, PASSWORD, PROFILE_PICTURE) values (17, '1998-06-01 12:30:05', 'rkirwoodg@flickr.com', 'Rodrick', true, '2020-02-18 08:04:07', 'Kirwood', 'hEUjQK7xel', 'https://robohash.org/facilisautemmollitia.jpg?size=50x50&set=set1');
insert into USER (ID, DATE_OF_BIRTH, EMAIL, FIRST_NAME, IS_ADMIN, LAST_LOGIN, LAST_NAME, PASSWORD, PROFILE_PICTURE) values (18, '1993-02-12 03:25:05', 'hedmonsonh@google.ru', 'Hurley', true, '2020-03-11 08:21:55', 'Edmonson', 'OMtd9TtjmV', 'https://robohash.org/enimdelenitiet.jpg?size=50x50&set=set1');
insert into USER (ID, DATE_OF_BIRTH, EMAIL, FIRST_NAME, IS_ADMIN, LAST_LOGIN, LAST_NAME, PASSWORD, PROFILE_PICTURE) values (19, '1999-01-28 03:01:44', 'yblasgeni@elpais.com', 'Yehudi', true, '2020-02-15 14:59:14', 'Blasgen', '8B2ieJ6', 'https://robohash.org/consequaturearumquod.jpg?size=50x50&set=set1');
insert into USER (ID, DATE_OF_BIRTH, EMAIL, FIRST_NAME, IS_ADMIN, LAST_LOGIN, LAST_NAME, PASSWORD, PROFILE_PICTURE) values (20, '2002-07-30 15:54:48', 'bgolightlyj@alibaba.com', 'Bogey', false, '2020-03-18 09:55:16', 'Golightly', 'Zajy73cXsb', 'https://robohash.org/atquevelitet.jpg?size=50x50&set=set1');
insert into USER (ID, DATE_OF_BIRTH, EMAIL, FIRST_NAME, IS_ADMIN, LAST_LOGIN, LAST_NAME, PASSWORD, PROFILE_PICTURE) values (21, '1986-03-25 09:22:47', 'hlyallk@pbs.org', 'Halsey', true, '2020-06-29 01:43:13', 'Lyall', 'xcEQdLM4', 'https://robohash.org/laboriosamquiquia.jpg?size=50x50&set=set1');
insert into USER (ID, DATE_OF_BIRTH, EMAIL, FIRST_NAME, IS_ADMIN, LAST_LOGIN, LAST_NAME, PASSWORD, PROFILE_PICTURE) values (22, '2005-03-23 23:10:44', 'aoherlihyl@multiply.com', 'Aurea', false, '2020-10-20 05:58:31', 'Oherlihy', 'DT4MXaE', 'https://robohash.org/officiisasperioresid.jpg?size=50x50&set=set1');
insert into USER (ID, DATE_OF_BIRTH, EMAIL, FIRST_NAME, IS_ADMIN, LAST_LOGIN, LAST_NAME, PASSWORD, PROFILE_PICTURE) values (23, '1983-06-13 00:08:43', 'mklammtm@liveinternet.ru', 'Marita', true, '2020-06-08 15:26:43', 'Klammt', 'kHtUMKNhjOXU', 'https://robohash.org/dolorfaceresunt.jpg?size=50x50&set=set1');
insert into USER (ID, DATE_OF_BIRTH, EMAIL, FIRST_NAME, IS_ADMIN, LAST_LOGIN, LAST_NAME, PASSWORD, PROFILE_PICTURE) values (24, '1994-06-28 11:39:28', 'npledgern@cbsnews.com', 'Neysa', true, '2019-12-23 22:05:04', 'Pledger', 'pSHQeYjcS', 'https://robohash.org/laborenihiltempora.jpg?size=50x50&set=set1');
insert into USER (ID, DATE_OF_BIRTH, EMAIL, FIRST_NAME, IS_ADMIN, LAST_LOGIN, LAST_NAME, PASSWORD, PROFILE_PICTURE) values (25, '1987-10-09 08:56:55', 'crutleyo@woothemes.com', 'Corilla', true, '2020-04-08 03:13:56', 'Rutley', 'h7wxQhn0o66Q', 'https://robohash.org/inciduntutneque.jpg?size=50x50&set=set1');
insert into USER (ID, DATE_OF_BIRTH, EMAIL, FIRST_NAME, IS_ADMIN, LAST_LOGIN, LAST_NAME, PASSWORD, PROFILE_PICTURE) values (26, '1981-11-28 17:17:32', 'bparishp@ovh.net', 'Bertha', true, '2020-09-13 00:17:40', 'Parish', '0pqVdk9Ksj', 'https://robohash.org/quaerataspernaturvoluptatem.jpg?size=50x50&set=set1');
insert into USER (ID, DATE_OF_BIRTH, EMAIL, FIRST_NAME, IS_ADMIN, LAST_LOGIN, LAST_NAME, PASSWORD, PROFILE_PICTURE) values (27, '1990-12-09 14:45:08', 'eslowanq@accuweather.com', 'Edmund', false, '2020-05-11 23:26:16', 'Slowan', 'nFX4OsiyEis', 'https://robohash.org/etexpeditasit.jpg?size=50x50&set=set1');
insert into USER (ID, DATE_OF_BIRTH, EMAIL, FIRST_NAME, IS_ADMIN, LAST_LOGIN, LAST_NAME, PASSWORD, PROFILE_PICTURE) values (28, '1987-02-04 07:37:21', 'tbrellinr@about.me', 'Tracie', false, '2020-02-17 09:47:04', 'Brellin', 'Ou9Ovp', 'https://robohash.org/exercitationemoditaut.jpg?size=50x50&set=set1');
insert into USER (ID, DATE_OF_BIRTH, EMAIL, FIRST_NAME, IS_ADMIN, LAST_LOGIN, LAST_NAME, PASSWORD, PROFILE_PICTURE) values (29, '1992-07-07 00:43:57', 'pmalpasss@icio.us', 'Porty', true, '2020-03-17 14:33:49', 'Malpass', 'DUde1CXEJ', 'https://robohash.org/sedadut.jpg?size=50x50&set=set1');
insert into USER (ID, DATE_OF_BIRTH, EMAIL, FIRST_NAME, IS_ADMIN, LAST_LOGIN, LAST_NAME, PASSWORD, PROFILE_PICTURE) values (30, '1995-04-24 04:33:57', 'ieltringhamt@mayoclinic.com', 'Ignatius', true, '2020-10-27 02:25:00', 'Eltringham', 'GCWqAgs4', 'https://robohash.org/nostrumetqui.jpg?size=50x50&set=set1');
insert into USER (ID, DATE_OF_BIRTH, EMAIL, FIRST_NAME, IS_ADMIN, LAST_LOGIN, LAST_NAME, PASSWORD, PROFILE_PICTURE) values (31, '1990-02-14 18:11:45', 'rverbruggeu@edublogs.org', 'Rem', false, '2019-12-09 03:02:12', 'Verbrugge', 'KM97WECbp', 'https://robohash.org/doloribusnihilaccusamus.jpg?size=50x50&set=set1');
insert into USER (ID, DATE_OF_BIRTH, EMAIL, FIRST_NAME, IS_ADMIN, LAST_LOGIN, LAST_NAME, PASSWORD, PROFILE_PICTURE) values (32, '1992-03-28 20:03:21', 'ldennisv@amazon.co.jp', 'Lazaro', false, '2020-04-12 01:07:09', 'Dennis', 'ZDW5TjM2tIX', 'https://robohash.org/itaqueiureunde.jpg?size=50x50&set=set1');
insert into USER (ID, DATE_OF_BIRTH, EMAIL, FIRST_NAME, IS_ADMIN, LAST_LOGIN, LAST_NAME, PASSWORD, PROFILE_PICTURE) values (33, '2001-06-27 08:54:52', 'stullotw@reference.com', 'Stevena', true, '2020-08-15 23:53:07', 'Tullot', 'QBGTbInqnq', 'https://robohash.org/adevenietofficia.jpg?size=50x50&set=set1');
insert into USER (ID, DATE_OF_BIRTH, EMAIL, FIRST_NAME, IS_ADMIN, LAST_LOGIN, LAST_NAME, PASSWORD, PROFILE_PICTURE) values (34, '2000-02-19 12:21:25', 'tbrumfittx@state.gov', 'Tab', true, '2019-12-30 21:04:23', 'Brumfitt', 'ZevyIuZbqyF', 'https://robohash.org/sintveniamaperiam.jpg?size=50x50&set=set1');
insert into USER (ID, DATE_OF_BIRTH, EMAIL, FIRST_NAME, IS_ADMIN, LAST_LOGIN, LAST_NAME, PASSWORD, PROFILE_PICTURE) values (35, '1989-12-03 14:01:10', 'mwitheropy@businessinsider.com', 'Minnaminnie', false, '2020-06-09 06:09:44', 'Witherop', 'uvSQdEXDRE', 'https://robohash.org/molestiassintex.jpg?size=50x50&set=set1');
insert into USER (ID, DATE_OF_BIRTH, EMAIL, FIRST_NAME, IS_ADMIN, LAST_LOGIN, LAST_NAME, PASSWORD, PROFILE_PICTURE) values (36, '2001-07-22 05:28:42', 'llongstreethz@ed.gov', 'Lilia', false, '2020-07-30 01:26:24', 'Longstreeth', 'v4QwKbHu6gY', 'https://robohash.org/suntquidemenim.jpg?size=50x50&set=set1');
insert into USER (ID, DATE_OF_BIRTH, EMAIL, FIRST_NAME, IS_ADMIN, LAST_LOGIN, LAST_NAME, PASSWORD, PROFILE_PICTURE) values (37, '1980-11-23 08:39:21', 'fselvester10@hud.gov', 'Farlay', true, '2019-12-21 21:32:50', 'Selvester', 'FtFemZ', 'https://robohash.org/eiusinventorequibusdam.jpg?size=50x50&set=set1');
insert into USER (ID, DATE_OF_BIRTH, EMAIL, FIRST_NAME, IS_ADMIN, LAST_LOGIN, LAST_NAME, PASSWORD, PROFILE_PICTURE) values (38, '1992-06-04 16:49:40', 'fswanton11@tinypic.com', 'Fredric', false, '2020-06-18 23:41:18', 'Swanton', 'XsBket4', 'https://robohash.org/recusandaenonconsequatur.jpg?size=50x50&set=set1');
insert into USER (ID, DATE_OF_BIRTH, EMAIL, FIRST_NAME, IS_ADMIN, LAST_LOGIN, LAST_NAME, PASSWORD, PROFILE_PICTURE) values (39, '1993-07-14 14:02:48', 'ajahn12@hubpages.com', 'Any', true, '2020-06-02 22:12:54', 'Jahn', '7zoRpEsqwgq', 'https://robohash.org/utinrerum.jpg?size=50x50&set=set1');
insert into USER (ID, DATE_OF_BIRTH, EMAIL, FIRST_NAME, IS_ADMIN, LAST_LOGIN, LAST_NAME, PASSWORD, PROFILE_PICTURE) values (40, '2002-04-16 14:57:10', 'mebbett13@independent.co.uk', 'Marketa', true, '2020-09-11 19:29:15', 'Ebbett', 'oV3qzlXSo', 'https://robohash.org/voluptatesquieligendi.jpg?size=50x50&set=set1');
insert into USER (ID, DATE_OF_BIRTH, EMAIL, FIRST_NAME, IS_ADMIN, LAST_LOGIN, LAST_NAME, PASSWORD, PROFILE_PICTURE) values (41, '1982-04-26 00:50:22', 'egibbings14@house.gov', 'Eba', false, '2020-09-19 06:32:41', 'Gibbings', 'S7LruDwX7ga4', 'https://robohash.org/porrovoluptateasperiores.jpg?size=50x50&set=set1');
insert into USER (ID, DATE_OF_BIRTH, EMAIL, FIRST_NAME, IS_ADMIN, LAST_LOGIN, LAST_NAME, PASSWORD, PROFILE_PICTURE) values (42, '1999-09-27 08:08:05', 'knodes15@sitemeter.com', 'Kiah', true, '2020-05-19 14:50:34', 'Nodes', 'g9IPpCxr57', 'https://robohash.org/etremminus.jpg?size=50x50&set=set1');
insert into USER (ID, DATE_OF_BIRTH, EMAIL, FIRST_NAME, IS_ADMIN, LAST_LOGIN, LAST_NAME, PASSWORD, PROFILE_PICTURE) values (43, '1986-02-08 10:53:31', 'cshannon16@noaa.gov', 'Clay', false, '2019-12-08 07:14:27', 'Shannon', 'elIC7cbT0', 'https://robohash.org/consequaturvelitquas.jpg?size=50x50&set=set1');
insert into USER (ID, DATE_OF_BIRTH, EMAIL, FIRST_NAME, IS_ADMIN, LAST_LOGIN, LAST_NAME, PASSWORD, PROFILE_PICTURE) values (44, '1982-03-04 07:27:39', 'byeaman17@cyberchimps.com', 'Brooks', false, '2020-08-25 23:45:33', 'Yeaman', 'ZBY52xBOl987', 'https://robohash.org/oditlaboriosamquia.jpg?size=50x50&set=set1');
insert into USER (ID, DATE_OF_BIRTH, EMAIL, FIRST_NAME, IS_ADMIN, LAST_LOGIN, LAST_NAME, PASSWORD, PROFILE_PICTURE) values (45, '1991-08-04 09:42:44', 'rpriel18@admin.ch', 'Ron', true, '2020-06-18 03:15:05', 'Priel', '8uvcch799', 'https://robohash.org/remquiscorporis.jpg?size=50x50&set=set1');
insert into USER (ID, DATE_OF_BIRTH, EMAIL, FIRST_NAME, IS_ADMIN, LAST_LOGIN, LAST_NAME, PASSWORD, PROFILE_PICTURE) values (46, '2003-01-20 10:31:59', 'mmasurel19@vk.com', 'Maggi', true, '2020-10-12 02:25:22', 'Masurel', '3J8PisN5DjLs', 'https://robohash.org/saepenonrepellendus.jpg?size=50x50&set=set1');
insert into USER (ID, DATE_OF_BIRTH, EMAIL, FIRST_NAME, IS_ADMIN, LAST_LOGIN, LAST_NAME, PASSWORD, PROFILE_PICTURE) values (47, '1994-11-20 17:59:14', 'hmacillrick1a@aol.com', 'Hilarius', false, '2020-04-14 00:33:16', 'MacIllrick', 'YJmCrbQW8', 'https://robohash.org/doloradautem.jpg?size=50x50&set=set1');
insert into USER (ID, DATE_OF_BIRTH, EMAIL, FIRST_NAME, IS_ADMIN, LAST_LOGIN, LAST_NAME, PASSWORD, PROFILE_PICTURE) values (48, '1995-08-19 12:09:34', 'cmarte1b@tiny.cc', 'Crissy', true, '2020-03-15 21:44:14', 'Marte', 'FscqDLfsJI', 'https://robohash.org/possimusnihilenim.jpg?size=50x50&set=set1');
insert into USER (ID, DATE_OF_BIRTH, EMAIL, FIRST_NAME, IS_ADMIN, LAST_LOGIN, LAST_NAME, PASSWORD, PROFILE_PICTURE) values (49, '1987-10-09 02:58:16', 'rbecraft1c@printfriendly.com', 'Rudie', false, '2020-10-18 22:39:38', 'Becraft', 'jARJLC', 'https://robohash.org/autemestsed.jpg?size=50x50&set=set1');
insert into USER (ID, DATE_OF_BIRTH, EMAIL, FIRST_NAME, IS_ADMIN, LAST_LOGIN, LAST_NAME, PASSWORD, PROFILE_PICTURE) values (50, '1992-08-08 20:18:03', 'dsoaper1d@miitbeian.gov.cn', 'Dre', false, '2020-01-17 07:39:59', 'Soaper', '1jv6OY2NP', 'https://robohash.org/repellatetiure.jpg?size=50x50&set=set1');
insert into USER (ID, DATE_OF_BIRTH, EMAIL, FIRST_NAME, IS_ADMIN, LAST_LOGIN, LAST_NAME, PASSWORD, PROFILE_PICTURE) values (51, '1993-06-11 22:27:13', 'ctire1e@illinois.edu', 'Constantine', true, '2020-10-18 01:55:10', 'Tire', 'AM0msyq', 'https://robohash.org/accusantiumaperiamrerum.jpg?size=50x50&set=set1');
insert into USER (ID, DATE_OF_BIRTH, EMAIL, FIRST_NAME, IS_ADMIN, LAST_LOGIN, LAST_NAME, PASSWORD, PROFILE_PICTURE) values (52, '1989-06-03 17:45:15', 'bcattlemull1f@nationalgeographic.com', 'Blayne', false, '2020-03-26 11:40:03', 'Cattlemull', 'WmxCDBeyn', 'https://robohash.org/perspiciatisetpariatur.jpg?size=50x50&set=set1');
insert into USER (ID, DATE_OF_BIRTH, EMAIL, FIRST_NAME, IS_ADMIN, LAST_LOGIN, LAST_NAME, PASSWORD, PROFILE_PICTURE) values (53, '1994-01-18 13:55:19', 'fstilgo1g@utexas.edu', 'Felizio', false, '2019-11-20 05:47:18', 'Stilgo', 'UmANhL', 'https://robohash.org/quidemomnisquibusdam.jpg?size=50x50&set=set1');
insert into USER (ID, DATE_OF_BIRTH, EMAIL, FIRST_NAME, IS_ADMIN, LAST_LOGIN, LAST_NAME, PASSWORD, PROFILE_PICTURE) values (54, '1993-02-11 17:48:10', 'bespasa1h@kickstarter.com', 'Brion', true, '2020-05-01 14:12:52', 'Espasa', 'EjFOej842', 'https://robohash.org/impeditdelectusvoluptate.jpg?size=50x50&set=set1');
insert into USER (ID, DATE_OF_BIRTH, EMAIL, FIRST_NAME, IS_ADMIN, LAST_LOGIN, LAST_NAME, PASSWORD, PROFILE_PICTURE) values (55, '1986-09-17 16:29:30', 'thatherleigh1i@unicef.org', 'Tiphany', false, '2020-10-26 15:49:44', 'Hatherleigh', 'P1GCg4', 'https://robohash.org/autisteimpedit.jpg?size=50x50&set=set1');
insert into USER (ID, DATE_OF_BIRTH, EMAIL, FIRST_NAME, IS_ADMIN, LAST_LOGIN, LAST_NAME, PASSWORD, PROFILE_PICTURE) values (56, '2002-10-01 15:22:07', 'bbonsey1j@google.pl', 'Bryce', true, '2020-08-21 18:16:41', 'Bonsey', 'TGuCaT9', 'https://robohash.org/optiononvitae.jpg?size=50x50&set=set1');
insert into USER (ID, DATE_OF_BIRTH, EMAIL, FIRST_NAME, IS_ADMIN, LAST_LOGIN, LAST_NAME, PASSWORD, PROFILE_PICTURE) values (57, '1986-04-02 20:33:49', 'sinns1k@tumblr.com', 'Sioux', true, '2020-05-04 16:06:30', 'Inns', 'QiObqTBi8b', 'https://robohash.org/odiosolutavoluptatum.jpg?size=50x50&set=set1');
insert into USER (ID, DATE_OF_BIRTH, EMAIL, FIRST_NAME, IS_ADMIN, LAST_LOGIN, LAST_NAME, PASSWORD, PROFILE_PICTURE) values (58, '1981-03-27 20:10:08', 'llivesay1l@is.gd', 'Lars', false, '2020-03-12 07:27:12', 'Livesay', 'y0Fvg5', 'https://robohash.org/etminimaillum.jpg?size=50x50&set=set1');
insert into USER (ID, DATE_OF_BIRTH, EMAIL, FIRST_NAME, IS_ADMIN, LAST_LOGIN, LAST_NAME, PASSWORD, PROFILE_PICTURE) values (59, '1990-09-20 11:23:03', 'gwilshin1m@lulu.com', 'Giustino', false, '2020-08-18 06:42:37', 'Wilshin', 'zEFGgx', 'https://robohash.org/eligendicorporisfacere.jpg?size=50x50&set=set1');
insert into USER (ID, DATE_OF_BIRTH, EMAIL, FIRST_NAME, IS_ADMIN, LAST_LOGIN, LAST_NAME, PASSWORD, PROFILE_PICTURE) values (60, '1987-12-24 07:11:55', 'cyounie1n@google.ru', 'Cynthie', false, '2020-10-23 22:27:24', 'Younie', '1L1gxr0', 'https://robohash.org/eiusmodiexcepturi.jpg?size=50x50&set=set1');
insert into USER (ID, DATE_OF_BIRTH, EMAIL, FIRST_NAME, IS_ADMIN, LAST_LOGIN, LAST_NAME, PASSWORD, PROFILE_PICTURE) values (61, '1981-07-12 21:06:32', 'pwoodfin1o@liveinternet.ru', 'Pooh', true, '2020-04-27 16:07:04', 'Woodfin', 'zc38DM6x', 'https://robohash.org/accusamusidquis.jpg?size=50x50&set=set1');
insert into USER (ID, DATE_OF_BIRTH, EMAIL, FIRST_NAME, IS_ADMIN, LAST_LOGIN, LAST_NAME, PASSWORD, PROFILE_PICTURE) values (62, '1996-10-28 07:51:52', 'efarreil1p@seattletimes.com', 'Elianore', true, '2020-04-09 12:02:05', 'Farreil', 'MEId2A27', 'https://robohash.org/deseruntautadipisci.jpg?size=50x50&set=set1');
insert into USER (ID, DATE_OF_BIRTH, EMAIL, FIRST_NAME, IS_ADMIN, LAST_LOGIN, LAST_NAME, PASSWORD, PROFILE_PICTURE) values (63, '1985-05-31 04:45:08', 'mlening1q@home.pl', 'My', false, '2020-03-25 07:53:41', 'Lening', 'J9O7s42N', 'https://robohash.org/omnisnisirerum.jpg?size=50x50&set=set1');
insert into USER (ID, DATE_OF_BIRTH, EMAIL, FIRST_NAME, IS_ADMIN, LAST_LOGIN, LAST_NAME, PASSWORD, PROFILE_PICTURE) values (64, '1983-08-04 19:36:35', 'chambridge1r@acquirethisname.com', 'Celesta', false, '2020-06-13 11:55:23', 'Hambridge', '5Ioq4EZ', 'https://robohash.org/quiatemporaautem.jpg?size=50x50&set=set1');
insert into USER (ID, DATE_OF_BIRTH, EMAIL, FIRST_NAME, IS_ADMIN, LAST_LOGIN, LAST_NAME, PASSWORD, PROFILE_PICTURE) values (65, '1987-09-09 16:18:25', 'splayer1s@hugedomains.com', 'Simonne', false, '2020-10-10 07:56:52', 'Player', 'bEi7bRE9Ht', 'https://robohash.org/nonenimpossimus.jpg?size=50x50&set=set1');
insert into USER (ID, DATE_OF_BIRTH, EMAIL, FIRST_NAME, IS_ADMIN, LAST_LOGIN, LAST_NAME, PASSWORD, PROFILE_PICTURE) values (66, '2003-01-05 04:05:51', 'dcarlsen1t@joomla.org', 'Drucie', true, '2020-04-18 16:12:01', 'Carlsen', '3xSpic4u', 'https://robohash.org/itaquelaborumipsa.jpg?size=50x50&set=set1');
insert into USER (ID, DATE_OF_BIRTH, EMAIL, FIRST_NAME, IS_ADMIN, LAST_LOGIN, LAST_NAME, PASSWORD, PROFILE_PICTURE) values (67, '1989-11-26 09:17:48', 'cfranzel1u@bluehost.com', 'Charlie', true, '2020-05-07 21:54:31', 'Franzel', 'v1z0TZO', 'https://robohash.org/suntteneturconsequatur.jpg?size=50x50&set=set1');
insert into USER (ID, DATE_OF_BIRTH, EMAIL, FIRST_NAME, IS_ADMIN, LAST_LOGIN, LAST_NAME, PASSWORD, PROFILE_PICTURE) values (68, '2001-10-04 18:51:25', 'ktice1v@nbcnews.com', 'Karina', true, '2019-11-02 21:43:52', 'Tice', 'q4soLmQOcm3G', 'https://robohash.org/rerumlaboriosameum.jpg?size=50x50&set=set1');
insert into USER (ID, DATE_OF_BIRTH, EMAIL, FIRST_NAME, IS_ADMIN, LAST_LOGIN, LAST_NAME, PASSWORD, PROFILE_PICTURE) values (69, '1998-05-18 09:16:44', 'jpitsall1w@huffingtonpost.com', 'Janenna', false, '2020-01-29 00:14:41', 'Pitsall', 'f2es2ZO5DYMl', 'https://robohash.org/sedculpavoluptate.jpg?size=50x50&set=set1');
insert into USER (ID, DATE_OF_BIRTH, EMAIL, FIRST_NAME, IS_ADMIN, LAST_LOGIN, LAST_NAME, PASSWORD, PROFILE_PICTURE) values (70, '1993-10-19 11:54:48', 'hfennessy1x@ustream.tv', 'Hubey', false, '2020-07-05 13:32:06', 'Fennessy', 'r1P8sp', 'https://robohash.org/nontemporalaboriosam.jpg?size=50x50&set=set1');
insert into USER (ID, DATE_OF_BIRTH, EMAIL, FIRST_NAME, IS_ADMIN, LAST_LOGIN, LAST_NAME, PASSWORD, PROFILE_PICTURE) values (71, '1999-10-27 04:19:04', 'erylands1y@a8.net', 'Erick', false, '2020-02-01 11:45:54', 'Rylands', 'iD6YcQhGSOJ', 'https://robohash.org/nequeplaceatcum.jpg?size=50x50&set=set1');
insert into USER (ID, DATE_OF_BIRTH, EMAIL, FIRST_NAME, IS_ADMIN, LAST_LOGIN, LAST_NAME, PASSWORD, PROFILE_PICTURE) values (72, '1984-07-15 02:04:05', 'jmaciejak1z@vinaora.com', 'Jan', false, '2020-06-21 22:37:45', 'Maciejak', 'SZU1Tz', 'https://robohash.org/consequaturnullaperferendis.jpg?size=50x50&set=set1');
insert into USER (ID, DATE_OF_BIRTH, EMAIL, FIRST_NAME, IS_ADMIN, LAST_LOGIN, LAST_NAME, PASSWORD, PROFILE_PICTURE) values (73, '2004-09-12 04:35:43', 'hbotger20@hatena.ne.jp', 'Hal', true, '2019-12-19 13:56:15', 'Botger', 'toNqS9', 'https://robohash.org/etinventoreiste.jpg?size=50x50&set=set1');
insert into USER (ID, DATE_OF_BIRTH, EMAIL, FIRST_NAME, IS_ADMIN, LAST_LOGIN, LAST_NAME, PASSWORD, PROFILE_PICTURE) values (74, '2002-09-03 14:50:03', 'pmccaughen21@about.com', 'Pen', true, '2020-08-01 10:01:49', 'Mc Caughen', 'c3J68Y', 'https://robohash.org/atsaepeet.jpg?size=50x50&set=set1');
insert into USER (ID, DATE_OF_BIRTH, EMAIL, FIRST_NAME, IS_ADMIN, LAST_LOGIN, LAST_NAME, PASSWORD, PROFILE_PICTURE) values (75, '1986-06-04 16:28:28', 'dcox22@hostgator.com', 'Dorey', true, '2020-04-07 13:55:22', 'Cox', 'td6IPNiQ', 'https://robohash.org/etminimatotam.jpg?size=50x50&set=set1');
insert into USER (ID, DATE_OF_BIRTH, EMAIL, FIRST_NAME, IS_ADMIN, LAST_LOGIN, LAST_NAME, PASSWORD, PROFILE_PICTURE) values (76, '1996-11-17 23:25:18', 'ekringe23@cargocollective.com', 'Everard', true, '2020-05-08 07:26:34', 'Kringe', 'YsnKUKzrRx', 'https://robohash.org/accusamusillout.jpg?size=50x50&set=set1');
insert into USER (ID, DATE_OF_BIRTH, EMAIL, FIRST_NAME, IS_ADMIN, LAST_LOGIN, LAST_NAME, PASSWORD, PROFILE_PICTURE) values (77, '2000-06-22 05:32:41', 'djunkin24@tinyurl.com', 'Drusi', false, '2020-07-03 19:29:46', 'Junkin', '8KjrrK', 'https://robohash.org/quasiconsequaturfugiat.jpg?size=50x50&set=set1');
insert into USER (ID, DATE_OF_BIRTH, EMAIL, FIRST_NAME, IS_ADMIN, LAST_LOGIN, LAST_NAME, PASSWORD, PROFILE_PICTURE) values (78, '1986-05-16 21:23:04', 'aseagrave25@cbsnews.com', 'Alf', true, '2020-08-29 22:57:26', 'Seagrave', 'DYbFEm3u9pTp', 'https://robohash.org/temporaundeeos.jpg?size=50x50&set=set1');
insert into USER (ID, DATE_OF_BIRTH, EMAIL, FIRST_NAME, IS_ADMIN, LAST_LOGIN, LAST_NAME, PASSWORD, PROFILE_PICTURE) values (79, '1983-11-23 01:42:37', 'cshawley26@wp.com', 'Corny', false, '2019-12-08 20:51:52', 'Shawley', 'ctkAv1H', 'https://robohash.org/quiavelitipsam.jpg?size=50x50&set=set1');
insert into USER (ID, DATE_OF_BIRTH, EMAIL, FIRST_NAME, IS_ADMIN, LAST_LOGIN, LAST_NAME, PASSWORD, PROFILE_PICTURE) values (80, '2002-11-29 03:38:10', 'dawde27@narod.ru', 'Danny', true, '2020-03-08 22:08:08', 'Awde', 'cxJdaKbc0', 'https://robohash.org/optioetaccusantium.jpg?size=50x50&set=set1');
insert into USER (ID, DATE_OF_BIRTH, EMAIL, FIRST_NAME, IS_ADMIN, LAST_LOGIN, LAST_NAME, PASSWORD, PROFILE_PICTURE) values (81, '1987-09-02 14:56:22', 'cdecroix28@nydailynews.com', 'Cass', true, '2020-09-20 21:09:19', 'Decroix', 'hwuYnH1a', 'https://robohash.org/ipsumteneturcumque.jpg?size=50x50&set=set1');
insert into USER (ID, DATE_OF_BIRTH, EMAIL, FIRST_NAME, IS_ADMIN, LAST_LOGIN, LAST_NAME, PASSWORD, PROFILE_PICTURE) values (82, '2005-05-25 20:35:21', 'cmacmorland29@uiuc.edu', 'Caryl', false, '2020-02-22 05:34:45', 'MacMorland', 'Jm0EIv', 'https://robohash.org/utidquibusdam.jpg?size=50x50&set=set1');
insert into USER (ID, DATE_OF_BIRTH, EMAIL, FIRST_NAME, IS_ADMIN, LAST_LOGIN, LAST_NAME, PASSWORD, PROFILE_PICTURE) values (83, '2000-03-20 06:06:59', 'fkaplan2a@wordpress.org', 'Faulkner', false, '2020-08-15 22:12:21', 'Kaplan', 'e1Jnds2', 'https://robohash.org/itaquequisaliquam.jpg?size=50x50&set=set1');
insert into USER (ID, DATE_OF_BIRTH, EMAIL, FIRST_NAME, IS_ADMIN, LAST_LOGIN, LAST_NAME, PASSWORD, PROFILE_PICTURE) values (84, '1993-02-05 18:49:38', 'tcumo2b@imageshack.us', 'Terese', true, '2020-05-30 12:10:56', 'Cumo', 'YJnlefx8V', 'https://robohash.org/abducimusoccaecati.jpg?size=50x50&set=set1');
insert into USER (ID, DATE_OF_BIRTH, EMAIL, FIRST_NAME, IS_ADMIN, LAST_LOGIN, LAST_NAME, PASSWORD, PROFILE_PICTURE) values (85, '1982-09-17 06:06:26', 'ggreener2c@zimbio.com', 'Gaile', true, '2020-06-24 22:04:36', 'Greener', 'SYznJCnh8zH', 'https://robohash.org/doloredebitiset.jpg?size=50x50&set=set1');
insert into USER (ID, DATE_OF_BIRTH, EMAIL, FIRST_NAME, IS_ADMIN, LAST_LOGIN, LAST_NAME, PASSWORD, PROFILE_PICTURE) values (86, '1983-09-18 19:14:32', 'vpidduck2d@fc2.com', 'Victoria', false, '2020-07-22 11:21:41', 'Pidduck', 'cpIIoAv2q', 'https://robohash.org/repellatutdebitis.jpg?size=50x50&set=set1');
insert into USER (ID, DATE_OF_BIRTH, EMAIL, FIRST_NAME, IS_ADMIN, LAST_LOGIN, LAST_NAME, PASSWORD, PROFILE_PICTURE) values (87, '2002-07-27 14:28:44', 'dgallegos2e@cloudflare.com', 'Darbie', true, '2019-12-28 13:09:24', 'Gallegos', 'KUV2o1dY', 'https://robohash.org/nequeestatque.jpg?size=50x50&set=set1');
insert into USER (ID, DATE_OF_BIRTH, EMAIL, FIRST_NAME, IS_ADMIN, LAST_LOGIN, LAST_NAME, PASSWORD, PROFILE_PICTURE) values (88, '2002-02-11 02:55:41', 'mpappin2f@state.gov', 'Marilin', false, '2020-09-30 00:51:47', 'Pappin', 'puUTnEfItB', 'https://robohash.org/dolorumaliasad.jpg?size=50x50&set=set1');
insert into USER (ID, DATE_OF_BIRTH, EMAIL, FIRST_NAME, IS_ADMIN, LAST_LOGIN, LAST_NAME, PASSWORD, PROFILE_PICTURE) values (89, '2005-05-17 14:26:17', 'lrockey2g@geocities.com', 'Loise', true, '2020-03-13 13:42:46', 'Rockey', 'gJ1RRDfpJ7J', 'https://robohash.org/ametutofficiis.jpg?size=50x50&set=set1');
insert into USER (ID, DATE_OF_BIRTH, EMAIL, FIRST_NAME, IS_ADMIN, LAST_LOGIN, LAST_NAME, PASSWORD, PROFILE_PICTURE) values (90, '2000-12-06 02:24:27', 'rhenner2h@trellian.com', 'Rayshell', false, '2020-10-19 16:19:01', 'Henner', '5uCMm8', 'https://robohash.org/doloremautvoluptas.jpg?size=50x50&set=set1');
insert into USER (ID, DATE_OF_BIRTH, EMAIL, FIRST_NAME, IS_ADMIN, LAST_LOGIN, LAST_NAME, PASSWORD, PROFILE_PICTURE) values (91, '1994-08-26 15:59:41', 'jdik2i@ask.com', 'Jaclin', false, '2020-06-29 13:51:33', 'Dik', 'k1BxRX', 'https://robohash.org/ducimusquasrerum.jpg?size=50x50&set=set1');
insert into USER (ID, DATE_OF_BIRTH, EMAIL, FIRST_NAME, IS_ADMIN, LAST_LOGIN, LAST_NAME, PASSWORD, PROFILE_PICTURE) values (92, '1985-02-11 21:57:41', 'lmoehle2j@dyndns.org', 'Licha', true, '2020-03-22 12:56:12', 'Moehle', 'bRZlyNdl', 'https://robohash.org/autemvoluptasipsa.jpg?size=50x50&set=set1');
insert into USER (ID, DATE_OF_BIRTH, EMAIL, FIRST_NAME, IS_ADMIN, LAST_LOGIN, LAST_NAME, PASSWORD, PROFILE_PICTURE) values (93, '1991-01-13 11:51:12', 'nmaunder2k@seattletimes.com', 'Norine', false, '2020-09-19 20:14:23', 'Maunder', 'DmrFsqiEw', 'https://robohash.org/eumdelectusnumquam.jpg?size=50x50&set=set1');
insert into USER (ID, DATE_OF_BIRTH, EMAIL, FIRST_NAME, IS_ADMIN, LAST_LOGIN, LAST_NAME, PASSWORD, PROFILE_PICTURE) values (94, '1982-10-14 07:20:09', 'dgoulborne2l@hud.gov', 'Debby', false, '2020-09-02 15:38:50', 'Goulborne', 'ZuUBudxDK', 'https://robohash.org/expeditamolestiaeperspiciatis.jpg?size=50x50&set=set1');
insert into USER (ID, DATE_OF_BIRTH, EMAIL, FIRST_NAME, IS_ADMIN, LAST_LOGIN, LAST_NAME, PASSWORD, PROFILE_PICTURE) values (95, '1984-01-05 19:19:47', 'ffowlston2m@smugmug.com', 'Florette', true, '2020-05-22 06:00:33', 'Fowlston', 'YGiRt2bwqedz', 'https://robohash.org/odioinventoremagni.jpg?size=50x50&set=set1');
insert into USER (ID, DATE_OF_BIRTH, EMAIL, FIRST_NAME, IS_ADMIN, LAST_LOGIN, LAST_NAME, PASSWORD, PROFILE_PICTURE) values (96, '2000-04-21 14:35:33', 'lrollings2n@bloglines.com', 'Laughton', true, '2019-11-04 13:53:07', 'Rollings', 'gFK83pC7mfb', 'https://robohash.org/voluptatemsimiliquefacere.jpg?size=50x50&set=set1');
insert into USER (ID, DATE_OF_BIRTH, EMAIL, FIRST_NAME, IS_ADMIN, LAST_LOGIN, LAST_NAME, PASSWORD, PROFILE_PICTURE) values (97, '1999-08-20 12:03:16', 'amatschek2o@alibaba.com', 'Ardine', false, '2020-02-09 12:52:38', 'Matschek', 'i5rKyo', 'https://robohash.org/possimusatquecumque.jpg?size=50x50&set=set1');
insert into USER (ID, DATE_OF_BIRTH, EMAIL, FIRST_NAME, IS_ADMIN, LAST_LOGIN, LAST_NAME, PASSWORD, PROFILE_PICTURE) values (98, '1993-03-05 19:49:30', 'dhinkes2p@bluehost.com', 'Dalenna', true, '2020-01-03 23:16:43', 'Hinkes', 't8XZgwzf5aB', 'https://robohash.org/molestiasvoluptatemdolorum.jpg?size=50x50&set=set1');
insert into USER (ID, DATE_OF_BIRTH, EMAIL, FIRST_NAME, IS_ADMIN, LAST_LOGIN, LAST_NAME, PASSWORD, PROFILE_PICTURE) values (99, '2003-09-14 11:37:18', 'bthornally2q@51.la', 'Bryanty', false, '2020-05-08 16:56:24', 'Thornally', '4YwgAY6iLcv', 'https://robohash.org/inventorenoneum.jpg?size=50x50&set=set1');
insert into USER (ID, DATE_OF_BIRTH, EMAIL, FIRST_NAME, IS_ADMIN, LAST_LOGIN, LAST_NAME, PASSWORD, PROFILE_PICTURE) values (100, '1998-08-18 03:47:29', 'eesome2r@wikia.com', 'Elton', false, '2020-10-18 09:02:57', 'Esome', 'BLqGMXkAi', 'https://robohash.org/quisquamidreiciendis.jpg?size=50x50&set=set1');

insert into TOPIC (ID, NAME, USER_ID) values (1, 'Daltfresh', 13);
insert into TOPIC (ID, NAME, USER_ID) values (2, 'Bitchip', 23);
insert into TOPIC (ID, NAME, USER_ID) values (3, 'Regrant', 33);
insert into TOPIC (ID, NAME, USER_ID) values (4, 'Stim', 31);
insert into TOPIC (ID, NAME, USER_ID) values (5, 'Aerified', 33);
insert into TOPIC (ID, NAME, USER_ID) values (6, 'Kanlam', 8);
insert into TOPIC (ID, NAME, USER_ID) values (7, 'Biodex', 27);
insert into TOPIC (ID, NAME, USER_ID) values (8, 'Stringtough', 21);
insert into TOPIC (ID, NAME, USER_ID) values (9, 'Lotstring', 35);
insert into TOPIC (ID, NAME, USER_ID) values (10, 'Fintone', 5);
insert into TOPIC (ID, NAME, USER_ID) values (11, 'Andalax', 12);
insert into TOPIC (ID, NAME, USER_ID) values (12, 'Daltfresh', 9);
insert into TOPIC (ID, NAME, USER_ID) values (13, 'Andalax', 43);
insert into TOPIC (ID, NAME, USER_ID) values (14, 'Konklab', 4);
insert into TOPIC (ID, NAME, USER_ID) values (15, 'Cardify', 11);
insert into TOPIC (ID, NAME, USER_ID) values (16, 'Flowdesk', 2);
insert into TOPIC (ID, NAME, USER_ID) values (17, 'Tampflex', 7);
insert into TOPIC (ID, NAME, USER_ID) values (18, 'Subin', 25);
insert into TOPIC (ID, NAME, USER_ID) values (19, 'Alphazap', 7);
insert into TOPIC (ID, NAME, USER_ID) values (20, 'Subin', 33);
insert into TOPIC (ID, NAME, USER_ID) values (21, 'Otcom', 5);
insert into TOPIC (ID, NAME, USER_ID) values (22, 'Tempsoft', 4);
insert into TOPIC (ID, NAME, USER_ID) values (23, 'Greenlam', 19);
insert into TOPIC (ID, NAME, USER_ID) values (24, 'Prodder', 45);
insert into TOPIC (ID, NAME, USER_ID) values (25, 'Fix San', 16);
insert into TOPIC (ID, NAME, USER_ID) values (26, 'Biodex', 45);
insert into TOPIC (ID, NAME, USER_ID) values (27, 'Stim', 1);
insert into TOPIC (ID, NAME, USER_ID) values (28, 'Duobam', 14);
insert into TOPIC (ID, NAME, USER_ID) values (29, 'Temp', 16);
insert into TOPIC (ID, NAME, USER_ID) values (30, 'Subin', 50);
insert into TOPIC (ID, NAME, USER_ID) values (31, 'Sonsing', 25);
insert into TOPIC (ID, NAME, USER_ID) values (32, 'Greenlam', 33);
insert into TOPIC (ID, NAME, USER_ID) values (33, 'Andalax', 23);
insert into TOPIC (ID, NAME, USER_ID) values (34, 'Biodex', 37);
insert into TOPIC (ID, NAME, USER_ID) values (35, 'Bigtax', 46);
insert into TOPIC (ID, NAME, USER_ID) values (36, 'Y-find', 37);
insert into TOPIC (ID, NAME, USER_ID) values (37, 'Rank', 16);
insert into TOPIC (ID, NAME, USER_ID) values (38, 'Zamit', 1);
insert into TOPIC (ID, NAME, USER_ID) values (39, 'Redhold', 22);
insert into TOPIC (ID, NAME, USER_ID) values (40, 'Alpha', 11);
insert into TOPIC (ID, NAME, USER_ID) values (41, 'Fintone', 33);
insert into TOPIC (ID, NAME, USER_ID) values (42, 'Bytecard', 12);
insert into TOPIC (ID, NAME, USER_ID) values (43, 'Zontrax', 21);
insert into TOPIC (ID, NAME, USER_ID) values (44, 'Gembucket', 1);
insert into TOPIC (ID, NAME, USER_ID) values (45, 'Flexidy', 41);
insert into TOPIC (ID, NAME, USER_ID) values (46, 'Konklux', 25);
insert into TOPIC (ID, NAME, USER_ID) values (47, 'Flexidy', 48);
insert into TOPIC (ID, NAME, USER_ID) values (48, 'Kanlam', 19);
insert into TOPIC (ID, NAME, USER_ID) values (49, 'Holdlamis', 24);
insert into TOPIC (ID, NAME, USER_ID) values (50, 'Job', 29);
insert into TOPIC (ID, NAME, USER_ID) values (51, 'Konklab', 38);
insert into TOPIC (ID, NAME, USER_ID) values (52, 'Ronstring', 27);
insert into TOPIC (ID, NAME, USER_ID) values (53, 'Wrapsafe', 10);
insert into TOPIC (ID, NAME, USER_ID) values (54, 'Trippledex', 19);
insert into TOPIC (ID, NAME, USER_ID) values (55, 'Gembucket', 32);
insert into TOPIC (ID, NAME, USER_ID) values (56, 'Greenlam', 24);
insert into TOPIC (ID, NAME, USER_ID) values (57, 'Stim', 1);
insert into TOPIC (ID, NAME, USER_ID) values (58, 'Treeflex', 3);
insert into TOPIC (ID, NAME, USER_ID) values (59, 'Stim', 13);
insert into TOPIC (ID, NAME, USER_ID) values (60, 'Tin', 31);
insert into TOPIC (ID, NAME, USER_ID) values (61, 'Ronstring', 32);
insert into TOPIC (ID, NAME, USER_ID) values (62, 'Cardguard', 39);
insert into TOPIC (ID, NAME, USER_ID) values (63, 'Transcof', 22);
insert into TOPIC (ID, NAME, USER_ID) values (64, 'Zathin', 24);
insert into TOPIC (ID, NAME, USER_ID) values (65, 'Hatity', 7);
insert into TOPIC (ID, NAME, USER_ID) values (66, 'Fixflex', 46);
insert into TOPIC (ID, NAME, USER_ID) values (67, 'Bitchip', 39);
insert into TOPIC (ID, NAME, USER_ID) values (68, 'Cookley', 48);
insert into TOPIC (ID, NAME, USER_ID) values (69, 'Mat Lam Tam', 45);
insert into TOPIC (ID, NAME, USER_ID) values (70, 'Stim', 24);
insert into TOPIC (ID, NAME, USER_ID) values (71, 'Zathin', 16);
insert into TOPIC (ID, NAME, USER_ID) values (72, 'Home Ing', 2);
insert into TOPIC (ID, NAME, USER_ID) values (73, 'Home Ing', 42);
insert into TOPIC (ID, NAME, USER_ID) values (74, 'Biodex', 46);
insert into TOPIC (ID, NAME, USER_ID) values (75, 'Viva', 41);
insert into TOPIC (ID, NAME, USER_ID) values (76, 'Cardguard', 4);
insert into TOPIC (ID, NAME, USER_ID) values (77, 'Bitchip', 36);
insert into TOPIC (ID, NAME, USER_ID) values (78, 'Sonsing', 21);
insert into TOPIC (ID, NAME, USER_ID) values (79, 'Zamit', 41);
insert into TOPIC (ID, NAME, USER_ID) values (80, 'Bigtax', 48);
insert into TOPIC (ID, NAME, USER_ID) values (81, 'Gembucket', 11);
insert into TOPIC (ID, NAME, USER_ID) values (82, 'Prodder', 27);
insert into TOPIC (ID, NAME, USER_ID) values (83, 'Fix San', 12);
insert into TOPIC (ID, NAME, USER_ID) values (84, 'Cardguard', 48);
insert into TOPIC (ID, NAME, USER_ID) values (85, 'Transcof', 12);
insert into TOPIC (ID, NAME, USER_ID) values (86, 'Rank', 14);
insert into TOPIC (ID, NAME, USER_ID) values (87, 'Lotstring', 26);
insert into TOPIC (ID, NAME, USER_ID) values (88, 'Sonair', 31);
insert into TOPIC (ID, NAME, USER_ID) values (89, 'Flowdesk', 41);
insert into TOPIC (ID, NAME, USER_ID) values (90, 'Ronstring', 10);
insert into TOPIC (ID, NAME, USER_ID) values (91, 'Namfix', 18);
insert into TOPIC (ID, NAME, USER_ID) values (92, 'Home Ing', 40);
insert into TOPIC (ID, NAME, USER_ID) values (93, 'Opela', 31);
insert into TOPIC (ID, NAME, USER_ID) values (94, 'Aerified', 7);
insert into TOPIC (ID, NAME, USER_ID) values (95, 'Trippledex', 12);
insert into TOPIC (ID, NAME, USER_ID) values (96, 'Keylex', 16);
insert into TOPIC (ID, NAME, USER_ID) values (97, 'Veribet', 17);
insert into TOPIC (ID, NAME, USER_ID) values (98, 'Fintone', 26);
insert into TOPIC (ID, NAME, USER_ID) values (99, 'Lotstring', 20);
insert into TOPIC (ID, NAME, USER_ID) values (100, 'Veribet', 17);


insert into POST (POSTID, FILE, TEXT_CONTENT, TIMESTAMP, PARENT_TOPIC_ID, USER_ID) values (1, 'http://dummyimage.com/158x237.jpg/ff4444/ffffff', 'In hac habitasse platea dictumst. Etiam faucibus cursus urna. Ut tellus. Nulla ut erat id mauris vulputate elementum.', '2020-02-02 12:43:41', 99, 80);
insert into POST (POSTID, FILE, TEXT_CONTENT, TIMESTAMP, PARENT_TOPIC_ID, USER_ID) values (2, 'http://dummyimage.com/154x179.jpg/dddddd/000000', 'Maecenas ut massa quis augue luctus tincidunt. Nulla mollis molestie lorem. Quisque ut erat.', '2020-03-27 12:02:37', 90, 10);
insert into POST (POSTID, FILE, TEXT_CONTENT, TIMESTAMP, PARENT_TOPIC_ID, USER_ID) values (3, 'http://dummyimage.com/164x224.jpg/ff4444/ffffff', 'Praesent id massa id nisl venenatis lacinia. Aenean sit amet justo. Morbi ut odio.', '2020-04-09 23:33:10', 65, 8);
insert into POST (POSTID, FILE, TEXT_CONTENT, TIMESTAMP, PARENT_TOPIC_ID, USER_ID) values (4, 'http://dummyimage.com/130x181.jpg/cc0000/ffffff', 'Mauris lacinia sapien quis libero. Nullam sit amet turpis elementum ligula vehicula consequat. Morbi a ipsum. Integer a nibh. In quis justo.', '2020-04-01 21:31:20', 31, 91);
insert into POST (POSTID, FILE, TEXT_CONTENT, TIMESTAMP, PARENT_TOPIC_ID, USER_ID) values (5, 'http://dummyimage.com/216x206.jpg/cc0000/ffffff', 'Vestibulum quam sapien, varius ut, blandit non, interdum in, ante. Vestibulum ante ipsum primis in faucibus orci luctus et ultrices posuere cubilia Curae; Duis faucibus accumsan odio. Curabitur convallis.', '2020-07-24 14:49:08', 74, 60);
insert into POST (POSTID, FILE, TEXT_CONTENT, TIMESTAMP, PARENT_TOPIC_ID, USER_ID) values (6, 'http://dummyimage.com/117x220.jpg/cc0000/ffffff', 'Aliquam augue quam, sollicitudin vitae, consectetuer eget, rutrum at, lorem. Integer tincidunt ante vel ipsum. Praesent blandit lacinia erat.', '2020-02-21 18:09:43', 28, 46);
insert into POST (POSTID, FILE, TEXT_CONTENT, TIMESTAMP, PARENT_TOPIC_ID, USER_ID) values (7, 'http://dummyimage.com/119x132.jpg/cc0000/ffffff', 'Nulla suscipit ligula in lacus. Curabitur at ipsum ac tellus semper interdum. Mauris ullamcorper purus sit amet nulla. Quisque arcu libero, rutrum ac, lobortis vel, dapibus at, diam.', '2020-01-19 03:39:05', 4, 67);
insert into POST (POSTID, FILE, TEXT_CONTENT, TIMESTAMP, PARENT_TOPIC_ID, USER_ID) values (8, 'http://dummyimage.com/221x205.jpg/ff4444/ffffff', 'Donec ut dolor. Morbi vel lectus in quam fringilla rhoncus. Mauris enim leo, rhoncus sed, vestibulum sit amet, cursus id, turpis. Integer aliquet, massa id lobortis convallis, tortor risus dapibus augue, vel accumsan tellus nisi eu orci. Mauris lacinia sapien quis libero.', '2020-07-07 11:45:46', 60, 58);
insert into POST (POSTID, FILE, TEXT_CONTENT, TIMESTAMP, PARENT_TOPIC_ID, USER_ID) values (9, 'http://dummyimage.com/104x126.jpg/ff4444/ffffff', 'Morbi porttitor lorem id ligula. Suspendisse ornare consequat lectus.', '2020-03-22 19:19:27', 5, 15);
insert into POST (POSTID, FILE, TEXT_CONTENT, TIMESTAMP, PARENT_TOPIC_ID, USER_ID) values (10, 'http://dummyimage.com/121x159.jpg/dddddd/000000', 'Donec dapibus. Duis at velit eu est congue elementum. In hac habitasse platea dictumst.', '2020-01-15 20:15:56', 2, 60);
insert into POST (POSTID, FILE, TEXT_CONTENT, TIMESTAMP, PARENT_TOPIC_ID, USER_ID) values (11, 'http://dummyimage.com/187x126.jpg/5fa2dd/ffffff', 'In eleifend quam a odio. In hac habitasse platea dictumst.', '2020-07-24 17:25:34', 43, 88);
insert into POST (POSTID, FILE, TEXT_CONTENT, TIMESTAMP, PARENT_TOPIC_ID, USER_ID) values (12, 'http://dummyimage.com/145x185.jpg/dddddd/000000', 'Donec diam neque, vestibulum eget, vulputate ut, ultrices vel, augue. Vestibulum ante ipsum primis in faucibus orci luctus et ultrices posuere cubilia Curae; Donec pharetra, magna vestibulum aliquet ultrices, erat tortor sollicitudin mi, sit amet lobortis sapien sapien non mi. Integer ac neque. Duis bibendum. Morbi non quam nec dui luctus rutrum.', '2019-12-18 02:57:21', 33, 88);
insert into POST (POSTID, FILE, TEXT_CONTENT, TIMESTAMP, PARENT_TOPIC_ID, USER_ID) values (13, 'http://dummyimage.com/217x109.jpg/ff4444/ffffff', 'Donec semper sapien a libero.', '2020-01-19 12:02:58', 14, 58);
insert into POST (POSTID, FILE, TEXT_CONTENT, TIMESTAMP, PARENT_TOPIC_ID, USER_ID) values (14, 'http://dummyimage.com/153x113.jpg/dddddd/000000', 'Quisque ut erat. Curabitur gravida nisi at nibh. In hac habitasse platea dictumst. Aliquam augue quam, sollicitudin vitae, consectetuer eget, rutrum at, lorem. Integer tincidunt ante vel ipsum.', '2020-04-05 16:45:17', 20, 97);
insert into POST (POSTID, FILE, TEXT_CONTENT, TIMESTAMP, PARENT_TOPIC_ID, USER_ID) values (15, 'http://dummyimage.com/105x195.jpg/ff4444/ffffff', 'Morbi non lectus. Aliquam sit amet diam in magna bibendum imperdiet. Nullam orci pede, venenatis non, sodales sed, tincidunt eu, felis. Fusce posuere felis sed lacus. Morbi sem mauris, laoreet ut, rhoncus aliquet, pulvinar sed, nisl.', '2019-10-31 05:34:52', 61, 30);
insert into POST (POSTID, FILE, TEXT_CONTENT, TIMESTAMP, PARENT_TOPIC_ID, USER_ID) values (16, 'http://dummyimage.com/193x137.jpg/5fa2dd/ffffff', 'Morbi sem mauris, laoreet ut, rhoncus aliquet, pulvinar sed, nisl. Nunc rhoncus dui vel sem. Sed sagittis. Nam congue, risus semper porta volutpat, quam pede lobortis ligula, sit amet eleifend pede libero quis orci.', '2020-09-22 20:43:47', 84, 57);
insert into POST (POSTID, FILE, TEXT_CONTENT, TIMESTAMP, PARENT_TOPIC_ID, USER_ID) values (17, 'http://dummyimage.com/159x191.jpg/5fa2dd/ffffff', 'Suspendisse potenti.', '2020-08-22 03:26:46', 85, 25);
insert into POST (POSTID, FILE, TEXT_CONTENT, TIMESTAMP, PARENT_TOPIC_ID, USER_ID) values (18, 'http://dummyimage.com/206x129.jpg/ff4444/ffffff', 'Maecenas leo odio, condimentum id, luctus nec, molestie sed, justo. Pellentesque viverra pede ac diam. Cras pellentesque volutpat dui. Maecenas tristique, est et tempus semper, est quam pharetra magna, ac consequat metus sapien ut nunc.', '2020-08-28 16:48:10', 66, 57);
insert into POST (POSTID, FILE, TEXT_CONTENT, TIMESTAMP, PARENT_TOPIC_ID, USER_ID) values (19, 'http://dummyimage.com/232x214.jpg/cc0000/ffffff', 'Quisque arcu libero, rutrum ac, lobortis vel, dapibus at, diam.', '2020-02-17 23:40:18', 90, 52);
insert into POST (POSTID, FILE, TEXT_CONTENT, TIMESTAMP, PARENT_TOPIC_ID, USER_ID) values (20, 'http://dummyimage.com/227x233.jpg/cc0000/ffffff', 'Pellentesque viverra pede ac diam. Cras pellentesque volutpat dui.', '2019-12-09 02:56:00', 29, 68);
insert into POST (POSTID, FILE, TEXT_CONTENT, TIMESTAMP, PARENT_TOPIC_ID, USER_ID) values (21, 'http://dummyimage.com/202x168.jpg/cc0000/ffffff', 'Suspendisse potenti. Nullam porttitor lacus at turpis. Donec posuere metus vitae ipsum.', '2020-05-11 02:20:50', 29, 44);
insert into POST (POSTID, FILE, TEXT_CONTENT, TIMESTAMP, PARENT_TOPIC_ID, USER_ID) values (22, 'http://dummyimage.com/209x133.jpg/5fa2dd/ffffff', 'Morbi sem mauris, laoreet ut, rhoncus aliquet, pulvinar sed, nisl. Nunc rhoncus dui vel sem.', '2020-06-11 04:57:06', 49, 55);
insert into POST (POSTID, FILE, TEXT_CONTENT, TIMESTAMP, PARENT_TOPIC_ID, USER_ID) values (23, 'http://dummyimage.com/228x246.jpg/dddddd/000000', 'Integer pede justo, lacinia eget, tincidunt eget, tempus vel, pede.', '2020-05-06 20:06:29', 43, 28);
insert into POST (POSTID, FILE, TEXT_CONTENT, TIMESTAMP, PARENT_TOPIC_ID, USER_ID) values (24, 'http://dummyimage.com/153x106.jpg/ff4444/ffffff', 'Suspendisse potenti. In eleifend quam a odio. In hac habitasse platea dictumst. Maecenas ut massa quis augue luctus tincidunt. Nulla mollis molestie lorem.', '2020-03-19 04:14:23', 26, 53);
insert into POST (POSTID, FILE, TEXT_CONTENT, TIMESTAMP, PARENT_TOPIC_ID, USER_ID) values (25, 'http://dummyimage.com/127x184.jpg/cc0000/ffffff', 'Vivamus vestibulum sagittis sapien. Cum sociis natoque penatibus et magnis dis parturient montes, nascetur ridiculus mus. Etiam vel augue. Vestibulum rutrum rutrum neque. Aenean auctor gravida sem.', '2020-01-18 08:05:58', 54, 48);
insert into POST (POSTID, FILE, TEXT_CONTENT, TIMESTAMP, PARENT_TOPIC_ID, USER_ID) values (26, 'http://dummyimage.com/150x168.jpg/ff4444/ffffff', 'Pellentesque ultrices mattis odio. Donec vitae nisi. Nam ultrices, libero non mattis pulvinar, nulla pede ullamcorper augue, a suscipit nulla elit ac nulla. Sed vel enim sit amet nunc viverra dapibus.', '2019-11-13 15:41:48', 51, 48);
insert into POST (POSTID, FILE, TEXT_CONTENT, TIMESTAMP, PARENT_TOPIC_ID, USER_ID) values (27, 'http://dummyimage.com/221x156.jpg/5fa2dd/ffffff', 'In blandit ultrices enim.', '2020-04-30 21:32:34', 88, 52);
insert into POST (POSTID, FILE, TEXT_CONTENT, TIMESTAMP, PARENT_TOPIC_ID, USER_ID) values (28, 'http://dummyimage.com/129x114.jpg/cc0000/ffffff', 'Integer non velit. Donec diam neque, vestibulum eget, vulputate ut, ultrices vel, augue. Vestibulum ante ipsum primis in faucibus orci luctus et ultrices posuere cubilia Curae; Donec pharetra, magna vestibulum aliquet ultrices, erat tortor sollicitudin mi, sit amet lobortis sapien sapien non mi.', '2020-01-08 09:26:44', 14, 12);
insert into POST (POSTID, FILE, TEXT_CONTENT, TIMESTAMP, PARENT_TOPIC_ID, USER_ID) values (29, 'http://dummyimage.com/138x171.jpg/cc0000/ffffff', 'Duis aliquam convallis nunc. Proin at turpis a pede posuere nonummy. Integer non velit. Donec diam neque, vestibulum eget, vulputate ut, ultrices vel, augue. Vestibulum ante ipsum primis in faucibus orci luctus et ultrices posuere cubilia Curae; Donec pharetra, magna vestibulum aliquet ultrices, erat tortor sollicitudin mi, sit amet lobortis sapien sapien non mi.', '2020-10-28 15:36:57', 32, 12);
insert into POST (POSTID, FILE, TEXT_CONTENT, TIMESTAMP, PARENT_TOPIC_ID, USER_ID) values (30, 'http://dummyimage.com/153x226.jpg/5fa2dd/ffffff', 'Fusce congue, diam id ornare imperdiet, sapien urna pretium nisl, ut volutpat sapien arcu sed augue. Aliquam erat volutpat. In congue. Etiam justo.', '2020-09-19 11:27:28', 83, 80);
insert into POST (POSTID, FILE, TEXT_CONTENT, TIMESTAMP, PARENT_TOPIC_ID, USER_ID) values (31, 'http://dummyimage.com/198x178.jpg/dddddd/000000', 'Integer a nibh.', '2020-01-25 11:46:34', 50, 8);
insert into POST (POSTID, FILE, TEXT_CONTENT, TIMESTAMP, PARENT_TOPIC_ID, USER_ID) values (32, 'http://dummyimage.com/123x201.jpg/5fa2dd/ffffff', 'Nunc rhoncus dui vel sem. Sed sagittis.', '2020-04-07 15:26:04', 60, 23);
insert into POST (POSTID, FILE, TEXT_CONTENT, TIMESTAMP, PARENT_TOPIC_ID, USER_ID) values (33, 'http://dummyimage.com/166x212.jpg/5fa2dd/ffffff', 'Duis aliquam convallis nunc. Proin at turpis a pede posuere nonummy. Integer non velit. Donec diam neque, vestibulum eget, vulputate ut, ultrices vel, augue.', '2020-05-28 02:45:19', 5, 48);
insert into POST (POSTID, FILE, TEXT_CONTENT, TIMESTAMP, PARENT_TOPIC_ID, USER_ID) values (34, 'http://dummyimage.com/166x239.jpg/ff4444/ffffff', 'Morbi a ipsum. Integer a nibh.', '2020-02-17 13:06:12', 41, 41);
insert into POST (POSTID, FILE, TEXT_CONTENT, TIMESTAMP, PARENT_TOPIC_ID, USER_ID) values (35, 'http://dummyimage.com/248x128.jpg/dddddd/000000', 'Cum sociis natoque penatibus et magnis dis parturient montes, nascetur ridiculus mus. Etiam vel augue.', '2020-03-20 03:51:59', 18, 47);
insert into POST (POSTID, FILE, TEXT_CONTENT, TIMESTAMP, PARENT_TOPIC_ID, USER_ID) values (36, 'http://dummyimage.com/120x181.jpg/ff4444/ffffff', 'In blandit ultrices enim. Lorem ipsum dolor sit amet, consectetuer adipiscing elit.', '2020-09-18 02:19:16', 50, 22);
insert into POST (POSTID, FILE, TEXT_CONTENT, TIMESTAMP, PARENT_TOPIC_ID, USER_ID) values (37, 'http://dummyimage.com/186x182.jpg/cc0000/ffffff', 'Integer ac leo. Pellentesque ultrices mattis odio. Donec vitae nisi. Nam ultrices, libero non mattis pulvinar, nulla pede ullamcorper augue, a suscipit nulla elit ac nulla.', '2020-09-20 12:47:27', 4, 65);
insert into POST (POSTID, FILE, TEXT_CONTENT, TIMESTAMP, PARENT_TOPIC_ID, USER_ID) values (38, 'http://dummyimage.com/225x111.jpg/dddddd/000000', 'Etiam faucibus cursus urna. Ut tellus. Nulla ut erat id mauris vulputate elementum. Nullam varius. Nulla facilisi.', '2019-11-06 20:45:24', 38, 42);
insert into POST (POSTID, FILE, TEXT_CONTENT, TIMESTAMP, PARENT_TOPIC_ID, USER_ID) values (39, 'http://dummyimage.com/248x134.jpg/cc0000/ffffff', 'In congue. Etiam justo. Etiam pretium iaculis justo.', '2019-11-15 09:42:35', 54, 55);
insert into POST (POSTID, FILE, TEXT_CONTENT, TIMESTAMP, PARENT_TOPIC_ID, USER_ID) values (40, 'http://dummyimage.com/113x216.jpg/dddddd/000000', 'Nunc purus.', '2019-12-12 06:03:45', 9, 59);
insert into POST (POSTID, FILE, TEXT_CONTENT, TIMESTAMP, PARENT_TOPIC_ID, USER_ID) values (41, 'http://dummyimage.com/207x221.jpg/dddddd/000000', 'Morbi quis tortor id nulla ultrices aliquet. Maecenas leo odio, condimentum id, luctus nec, molestie sed, justo.', '2020-06-26 02:52:17', 79, 38);
insert into POST (POSTID, FILE, TEXT_CONTENT, TIMESTAMP, PARENT_TOPIC_ID, USER_ID) values (42, 'http://dummyimage.com/182x250.jpg/dddddd/000000', 'Praesent id massa id nisl venenatis lacinia. Aenean sit amet justo. Morbi ut odio. Cras mi pede, malesuada in, imperdiet et, commodo vulputate, justo. In blandit ultrices enim.', '2020-01-30 17:25:50', 81, 92);
insert into POST (POSTID, FILE, TEXT_CONTENT, TIMESTAMP, PARENT_TOPIC_ID, USER_ID) values (43, 'http://dummyimage.com/115x193.jpg/cc0000/ffffff', 'Nulla suscipit ligula in lacus. Curabitur at ipsum ac tellus semper interdum. Mauris ullamcorper purus sit amet nulla. Quisque arcu libero, rutrum ac, lobortis vel, dapibus at, diam.', '2020-04-12 12:10:12', 69, 99);
insert into POST (POSTID, FILE, TEXT_CONTENT, TIMESTAMP, PARENT_TOPIC_ID, USER_ID) values (44, 'http://dummyimage.com/179x120.jpg/dddddd/000000', 'Nullam varius. Nulla facilisi. Cras non velit nec nisi vulputate nonummy. Maecenas tincidunt lacus at velit.', '2020-01-08 05:57:08', 11, 20);
insert into POST (POSTID, FILE, TEXT_CONTENT, TIMESTAMP, PARENT_TOPIC_ID, USER_ID) values (45, 'http://dummyimage.com/208x210.jpg/dddddd/000000', 'Vestibulum ante ipsum primis in faucibus orci luctus et ultrices posuere cubilia Curae; Nulla dapibus dolor vel est. Donec odio justo, sollicitudin ut, suscipit a, feugiat et, eros. Vestibulum ac est lacinia nisi venenatis tristique. Fusce congue, diam id ornare imperdiet, sapien urna pretium nisl, ut volutpat sapien arcu sed augue. Aliquam erat volutpat.', '2020-09-09 02:30:29', 54, 7);
insert into POST (POSTID, FILE, TEXT_CONTENT, TIMESTAMP, PARENT_TOPIC_ID, USER_ID) values (46, 'http://dummyimage.com/153x223.jpg/dddddd/000000', 'Vestibulum sed magna at nunc commodo placerat. Praesent blandit. Nam nulla. Integer pede justo, lacinia eget, tincidunt eget, tempus vel, pede.', '2020-04-25 04:39:49', 38, 76);
insert into POST (POSTID, FILE, TEXT_CONTENT, TIMESTAMP, PARENT_TOPIC_ID, USER_ID) values (47, 'http://dummyimage.com/144x236.jpg/ff4444/ffffff', 'Maecenas rhoncus aliquam lacus. Morbi quis tortor id nulla ultrices aliquet.', '2020-03-11 03:39:32', 67, 92);
insert into POST (POSTID, FILE, TEXT_CONTENT, TIMESTAMP, PARENT_TOPIC_ID, USER_ID) values (48, 'http://dummyimage.com/148x195.jpg/dddddd/000000', 'Integer ac leo. Pellentesque ultrices mattis odio. Donec vitae nisi. Nam ultrices, libero non mattis pulvinar, nulla pede ullamcorper augue, a suscipit nulla elit ac nulla.', '2020-05-09 00:18:36', 19, 27);
insert into POST (POSTID, FILE, TEXT_CONTENT, TIMESTAMP, PARENT_TOPIC_ID, USER_ID) values (49, 'http://dummyimage.com/119x186.jpg/cc0000/ffffff', 'Pellentesque eget nunc. Donec quis orci eget orci vehicula condimentum. Curabitur in libero ut massa volutpat convallis.', '2020-05-21 23:43:53', 74, 85);
insert into POST (POSTID, FILE, TEXT_CONTENT, TIMESTAMP, PARENT_TOPIC_ID, USER_ID) values (50, 'http://dummyimage.com/150x212.jpg/cc0000/ffffff', 'Donec semper sapien a libero. Nam dui. Proin leo odio, porttitor id, consequat in, consequat ut, nulla.', '2019-11-18 00:49:32', 43, 14);
insert into POST (POSTID, FILE, TEXT_CONTENT, TIMESTAMP, PARENT_TOPIC_ID, USER_ID) values (51, 'http://dummyimage.com/118x124.jpg/cc0000/ffffff', 'Donec semper sapien a libero.', '2020-07-24 06:27:59', 2, 66);
insert into POST (POSTID, FILE, TEXT_CONTENT, TIMESTAMP, PARENT_TOPIC_ID, USER_ID) values (52, 'http://dummyimage.com/203x210.jpg/ff4444/ffffff', 'Cum sociis natoque penatibus et magnis dis parturient montes, nascetur ridiculus mus. Vivamus vestibulum sagittis sapien. Cum sociis natoque penatibus et magnis dis parturient montes, nascetur ridiculus mus. Etiam vel augue. Vestibulum rutrum rutrum neque.', '2020-09-14 14:34:08', 98, 33);
insert into POST (POSTID, FILE, TEXT_CONTENT, TIMESTAMP, PARENT_TOPIC_ID, USER_ID) values (53, 'http://dummyimage.com/178x208.jpg/dddddd/000000', 'Aliquam non mauris.', '2020-07-04 08:26:26', 73, 27);
insert into POST (POSTID, FILE, TEXT_CONTENT, TIMESTAMP, PARENT_TOPIC_ID, USER_ID) values (54, 'http://dummyimage.com/120x218.jpg/5fa2dd/ffffff', 'Nam congue, risus semper porta volutpat, quam pede lobortis ligula, sit amet eleifend pede libero quis orci.', '2020-04-01 17:59:11', 57, 38);
insert into POST (POSTID, FILE, TEXT_CONTENT, TIMESTAMP, PARENT_TOPIC_ID, USER_ID) values (55, 'http://dummyimage.com/179x190.jpg/5fa2dd/ffffff', 'Cum sociis natoque penatibus et magnis dis parturient montes, nascetur ridiculus mus. Vivamus vestibulum sagittis sapien. Cum sociis natoque penatibus et magnis dis parturient montes, nascetur ridiculus mus. Etiam vel augue.', '2020-07-17 14:23:07', 16, 37);
insert into POST (POSTID, FILE, TEXT_CONTENT, TIMESTAMP, PARENT_TOPIC_ID, USER_ID) values (56, 'http://dummyimage.com/129x209.jpg/dddddd/000000', 'Vivamus tortor. Duis mattis egestas metus. Aenean fermentum. Donec ut mauris eget massa tempor convallis.', '2020-03-13 19:08:27', 18, 9);
insert into POST (POSTID, FILE, TEXT_CONTENT, TIMESTAMP, PARENT_TOPIC_ID, USER_ID) values (57, 'http://dummyimage.com/121x246.jpg/5fa2dd/ffffff', 'Nulla facilisi. Cras non velit nec nisi vulputate nonummy. Maecenas tincidunt lacus at velit.', '2020-05-24 10:59:53', 31, 25);
insert into POST (POSTID, FILE, TEXT_CONTENT, TIMESTAMP, PARENT_TOPIC_ID, USER_ID) values (58, 'http://dummyimage.com/202x172.jpg/cc0000/ffffff', 'Curabitur at ipsum ac tellus semper interdum. Mauris ullamcorper purus sit amet nulla. Quisque arcu libero, rutrum ac, lobortis vel, dapibus at, diam. Nam tristique tortor eu pede.', '2020-03-27 12:23:35', 88, 46);
insert into POST (POSTID, FILE, TEXT_CONTENT, TIMESTAMP, PARENT_TOPIC_ID, USER_ID) values (59, 'http://dummyimage.com/133x184.jpg/dddddd/000000', 'Praesent blandit lacinia erat. Vestibulum sed magna at nunc commodo placerat. Praesent blandit.', '2019-12-14 15:45:21', 75, 79);
insert into POST (POSTID, FILE, TEXT_CONTENT, TIMESTAMP, PARENT_TOPIC_ID, USER_ID) values (60, 'http://dummyimage.com/146x194.jpg/ff4444/ffffff', 'Fusce posuere felis sed lacus. Morbi sem mauris, laoreet ut, rhoncus aliquet, pulvinar sed, nisl. Nunc rhoncus dui vel sem. Sed sagittis. Nam congue, risus semper porta volutpat, quam pede lobortis ligula, sit amet eleifend pede libero quis orci.', '2020-08-01 17:17:44', 47, 18);
insert into POST (POSTID, FILE, TEXT_CONTENT, TIMESTAMP, PARENT_TOPIC_ID, USER_ID) values (61, 'http://dummyimage.com/211x234.jpg/5fa2dd/ffffff', 'Lorem ipsum dolor sit amet, consectetuer adipiscing elit. Proin risus. Praesent lectus. Vestibulum quam sapien, varius ut, blandit non, interdum in, ante. Vestibulum ante ipsum primis in faucibus orci luctus et ultrices posuere cubilia Curae; Duis faucibus accumsan odio.', '2020-01-03 14:33:14', 48, 29);
insert into POST (POSTID, FILE, TEXT_CONTENT, TIMESTAMP, PARENT_TOPIC_ID, USER_ID) values (62, 'http://dummyimage.com/161x246.jpg/5fa2dd/ffffff', 'Suspendisse potenti. Nullam porttitor lacus at turpis. Donec posuere metus vitae ipsum. Aliquam non mauris. Morbi non lectus.', '2020-07-13 04:03:55', 18, 46);
insert into POST (POSTID, FILE, TEXT_CONTENT, TIMESTAMP, PARENT_TOPIC_ID, USER_ID) values (63, 'http://dummyimage.com/101x172.jpg/cc0000/ffffff', 'Nullam orci pede, venenatis non, sodales sed, tincidunt eu, felis. Fusce posuere felis sed lacus. Morbi sem mauris, laoreet ut, rhoncus aliquet, pulvinar sed, nisl.', '2020-10-08 03:24:04', 88, 2);
insert into POST (POSTID, FILE, TEXT_CONTENT, TIMESTAMP, PARENT_TOPIC_ID, USER_ID) values (64, 'http://dummyimage.com/129x186.jpg/cc0000/ffffff', 'Morbi sem mauris, laoreet ut, rhoncus aliquet, pulvinar sed, nisl. Nunc rhoncus dui vel sem.', '2020-04-30 01:31:01', 92, 89);
insert into POST (POSTID, FILE, TEXT_CONTENT, TIMESTAMP, PARENT_TOPIC_ID, USER_ID) values (65, 'http://dummyimage.com/144x132.jpg/ff4444/ffffff', 'Maecenas tincidunt lacus at velit.', '2020-06-18 19:26:19', 1, 63);
insert into POST (POSTID, FILE, TEXT_CONTENT, TIMESTAMP, PARENT_TOPIC_ID, USER_ID) values (66, 'http://dummyimage.com/230x130.jpg/ff4444/ffffff', 'Sed sagittis. Nam congue, risus semper porta volutpat, quam pede lobortis ligula, sit amet eleifend pede libero quis orci. Nullam molestie nibh in lectus. Pellentesque at nulla.', '2020-01-29 08:52:32', 55, 68);
insert into POST (POSTID, FILE, TEXT_CONTENT, TIMESTAMP, PARENT_TOPIC_ID, USER_ID) values (67, 'http://dummyimage.com/172x141.jpg/5fa2dd/ffffff', 'In congue. Etiam justo. Etiam pretium iaculis justo.', '2020-05-23 23:14:50', 88, 85);
insert into POST (POSTID, FILE, TEXT_CONTENT, TIMESTAMP, PARENT_TOPIC_ID, USER_ID) values (68, 'http://dummyimage.com/235x207.jpg/5fa2dd/ffffff', 'Integer a nibh. In quis justo. Maecenas rhoncus aliquam lacus. Morbi quis tortor id nulla ultrices aliquet. Maecenas leo odio, condimentum id, luctus nec, molestie sed, justo.', '2020-03-08 17:17:26', 6, 92);
insert into POST (POSTID, FILE, TEXT_CONTENT, TIMESTAMP, PARENT_TOPIC_ID, USER_ID) values (69, 'http://dummyimage.com/229x145.jpg/ff4444/ffffff', 'Pellentesque at nulla. Suspendisse potenti. Cras in purus eu magna vulputate luctus.', '2020-04-01 08:38:10', 12, 94);
insert into POST (POSTID, FILE, TEXT_CONTENT, TIMESTAMP, PARENT_TOPIC_ID, USER_ID) values (70, 'http://dummyimage.com/239x124.jpg/cc0000/ffffff', 'Etiam faucibus cursus urna. Ut tellus. Nulla ut erat id mauris vulputate elementum.', '2020-07-15 21:14:22', 5, 67);
insert into POST (POSTID, FILE, TEXT_CONTENT, TIMESTAMP, PARENT_TOPIC_ID, USER_ID) values (71, 'http://dummyimage.com/199x226.jpg/dddddd/000000', 'Nullam orci pede, venenatis non, sodales sed, tincidunt eu, felis. Fusce posuere felis sed lacus. Morbi sem mauris, laoreet ut, rhoncus aliquet, pulvinar sed, nisl. Nunc rhoncus dui vel sem. Sed sagittis.', '2019-12-12 18:50:20', 85, 48);
insert into POST (POSTID, FILE, TEXT_CONTENT, TIMESTAMP, PARENT_TOPIC_ID, USER_ID) values (72, 'http://dummyimage.com/247x110.jpg/cc0000/ffffff', 'Praesent id massa id nisl venenatis lacinia. Aenean sit amet justo. Morbi ut odio.', '2020-10-05 05:10:55', 21, 7);
insert into POST (POSTID, FILE, TEXT_CONTENT, TIMESTAMP, PARENT_TOPIC_ID, USER_ID) values (73, 'http://dummyimage.com/242x180.jpg/5fa2dd/ffffff', 'Phasellus sit amet erat. Nulla tempus. Vivamus in felis eu sapien cursus vestibulum.', '2020-09-02 16:48:18', 48, 100);
insert into POST (POSTID, FILE, TEXT_CONTENT, TIMESTAMP, PARENT_TOPIC_ID, USER_ID) values (74, 'http://dummyimage.com/182x180.jpg/cc0000/ffffff', 'Nunc nisl. Duis bibendum, felis sed interdum venenatis, turpis enim blandit mi, in porttitor pede justo eu massa. Donec dapibus. Duis at velit eu est congue elementum.', '2020-08-14 23:47:45', 91, 54);
insert into POST (POSTID, FILE, TEXT_CONTENT, TIMESTAMP, PARENT_TOPIC_ID, USER_ID) values (75, 'http://dummyimage.com/145x114.jpg/dddddd/000000', 'Sed sagittis. Nam congue, risus semper porta volutpat, quam pede lobortis ligula, sit amet eleifend pede libero quis orci. Nullam molestie nibh in lectus. Pellentesque at nulla. Suspendisse potenti.', '2020-05-26 09:49:55', 92, 3);
insert into POST (POSTID, FILE, TEXT_CONTENT, TIMESTAMP, PARENT_TOPIC_ID, USER_ID) values (76, 'http://dummyimage.com/183x156.jpg/dddddd/000000', 'Suspendisse accumsan tortor quis turpis. Sed ante. Vivamus tortor. Duis mattis egestas metus. Aenean fermentum.', '2020-05-04 09:11:39', 10, 5);
insert into POST (POSTID, FILE, TEXT_CONTENT, TIMESTAMP, PARENT_TOPIC_ID, USER_ID) values (77, 'http://dummyimage.com/206x126.jpg/dddddd/000000', 'Maecenas leo odio, condimentum id, luctus nec, molestie sed, justo. Pellentesque viverra pede ac diam. Cras pellentesque volutpat dui. Maecenas tristique, est et tempus semper, est quam pharetra magna, ac consequat metus sapien ut nunc. Vestibulum ante ipsum primis in faucibus orci luctus et ultrices posuere cubilia Curae; Mauris viverra diam vitae quam.', '2020-08-03 19:25:02', 91, 22);
insert into POST (POSTID, FILE, TEXT_CONTENT, TIMESTAMP, PARENT_TOPIC_ID, USER_ID) values (78, 'http://dummyimage.com/148x210.jpg/cc0000/ffffff', 'In sagittis dui vel nisl. Duis ac nibh. Fusce lacus purus, aliquet at, feugiat non, pretium quis, lectus. Suspendisse potenti.', '2020-04-25 20:14:13', 83, 78);
insert into POST (POSTID, FILE, TEXT_CONTENT, TIMESTAMP, PARENT_TOPIC_ID, USER_ID) values (79, 'http://dummyimage.com/176x195.jpg/ff4444/ffffff', 'Donec ut dolor. Morbi vel lectus in quam fringilla rhoncus. Mauris enim leo, rhoncus sed, vestibulum sit amet, cursus id, turpis.', '2020-09-11 23:55:55', 66, 52);
insert into POST (POSTID, FILE, TEXT_CONTENT, TIMESTAMP, PARENT_TOPIC_ID, USER_ID) values (80, 'http://dummyimage.com/102x114.jpg/cc0000/ffffff', 'Nullam porttitor lacus at turpis. Donec posuere metus vitae ipsum. Aliquam non mauris. Morbi non lectus.', '2020-01-27 07:15:15', 41, 56);
insert into POST (POSTID, FILE, TEXT_CONTENT, TIMESTAMP, PARENT_TOPIC_ID, USER_ID) values (81, 'http://dummyimage.com/111x139.jpg/5fa2dd/ffffff', 'Aenean fermentum. Donec ut mauris eget massa tempor convallis. Nulla neque libero, convallis eget, eleifend luctus, ultricies eu, nibh. Quisque id justo sit amet sapien dignissim vestibulum. Vestibulum ante ipsum primis in faucibus orci luctus et ultrices posuere cubilia Curae; Nulla dapibus dolor vel est.', '2020-06-12 04:39:39', 29, 56);
insert into POST (POSTID, FILE, TEXT_CONTENT, TIMESTAMP, PARENT_TOPIC_ID, USER_ID) values (82, 'http://dummyimage.com/170x193.jpg/cc0000/ffffff', 'Aliquam augue quam, sollicitudin vitae, consectetuer eget, rutrum at, lorem. Integer tincidunt ante vel ipsum. Praesent blandit lacinia erat. Vestibulum sed magna at nunc commodo placerat.', '2020-08-04 21:11:26', 21, 8);
insert into POST (POSTID, FILE, TEXT_CONTENT, TIMESTAMP, PARENT_TOPIC_ID, USER_ID) values (83, 'http://dummyimage.com/233x242.jpg/dddddd/000000', 'Morbi vel lectus in quam fringilla rhoncus. Mauris enim leo, rhoncus sed, vestibulum sit amet, cursus id, turpis. Integer aliquet, massa id lobortis convallis, tortor risus dapibus augue, vel accumsan tellus nisi eu orci. Mauris lacinia sapien quis libero.', '2020-02-07 10:43:38', 61, 40);
insert into POST (POSTID, FILE, TEXT_CONTENT, TIMESTAMP, PARENT_TOPIC_ID, USER_ID) values (84, 'http://dummyimage.com/238x197.jpg/5fa2dd/ffffff', 'Suspendisse potenti. Nullam porttitor lacus at turpis. Donec posuere metus vitae ipsum. Aliquam non mauris. Morbi non lectus.', '2019-11-24 09:23:24', 59, 36);
insert into POST (POSTID, FILE, TEXT_CONTENT, TIMESTAMP, PARENT_TOPIC_ID, USER_ID) values (85, 'http://dummyimage.com/195x144.jpg/dddddd/000000', 'Fusce posuere felis sed lacus. Morbi sem mauris, laoreet ut, rhoncus aliquet, pulvinar sed, nisl. Nunc rhoncus dui vel sem. Sed sagittis.', '2019-12-24 23:12:22', 60, 27);
insert into POST (POSTID, FILE, TEXT_CONTENT, TIMESTAMP, PARENT_TOPIC_ID, USER_ID) values (86, 'http://dummyimage.com/160x193.jpg/dddddd/000000', 'Fusce congue, diam id ornare imperdiet, sapien urna pretium nisl, ut volutpat sapien arcu sed augue. Aliquam erat volutpat. In congue. Etiam justo.', '2020-06-03 08:54:09', 100, 77);
insert into POST (POSTID, FILE, TEXT_CONTENT, TIMESTAMP, PARENT_TOPIC_ID, USER_ID) values (87, 'http://dummyimage.com/233x175.jpg/ff4444/ffffff', 'Curabitur gravida nisi at nibh. In hac habitasse platea dictumst. Aliquam augue quam, sollicitudin vitae, consectetuer eget, rutrum at, lorem. Integer tincidunt ante vel ipsum.', '2020-10-14 07:38:45', 2, 80);
insert into POST (POSTID, FILE, TEXT_CONTENT, TIMESTAMP, PARENT_TOPIC_ID, USER_ID) values (88, 'http://dummyimage.com/150x233.jpg/ff4444/ffffff', 'Vestibulum ante ipsum primis in faucibus orci luctus et ultrices posuere cubilia Curae; Nulla dapibus dolor vel est.', '2020-10-26 08:06:34', 5, 47);
insert into POST (POSTID, FILE, TEXT_CONTENT, TIMESTAMP, PARENT_TOPIC_ID, USER_ID) values (89, 'http://dummyimage.com/233x106.jpg/ff4444/ffffff', 'Suspendisse ornare consequat lectus. In est risus, auctor sed, tristique in, tempus sit amet, sem. Fusce consequat.', '2019-11-16 11:50:19', 89, 71);
insert into POST (POSTID, FILE, TEXT_CONTENT, TIMESTAMP, PARENT_TOPIC_ID, USER_ID) values (90, 'http://dummyimage.com/165x113.jpg/5fa2dd/ffffff', 'Quisque arcu libero, rutrum ac, lobortis vel, dapibus at, diam. Nam tristique tortor eu pede.', '2020-05-24 02:46:04', 37, 3);
insert into POST (POSTID, FILE, TEXT_CONTENT, TIMESTAMP, PARENT_TOPIC_ID, USER_ID) values (91, 'http://dummyimage.com/143x185.jpg/dddddd/000000', 'Morbi non lectus. Aliquam sit amet diam in magna bibendum imperdiet. Nullam orci pede, venenatis non, sodales sed, tincidunt eu, felis. Fusce posuere felis sed lacus. Morbi sem mauris, laoreet ut, rhoncus aliquet, pulvinar sed, nisl.', '2020-07-29 07:29:42', 7, 15);
insert into POST (POSTID, FILE, TEXT_CONTENT, TIMESTAMP, PARENT_TOPIC_ID, USER_ID) values (92, 'http://dummyimage.com/226x136.jpg/cc0000/ffffff', 'In quis justo. Maecenas rhoncus aliquam lacus.', '2020-10-11 11:06:24', 40, 25);
insert into POST (POSTID, FILE, TEXT_CONTENT, TIMESTAMP, PARENT_TOPIC_ID, USER_ID) values (93, 'http://dummyimage.com/170x224.jpg/ff4444/ffffff', 'Donec dapibus. Duis at velit eu est congue elementum. In hac habitasse platea dictumst. Morbi vestibulum, velit id pretium iaculis, diam erat fermentum justo, nec condimentum neque sapien placerat ante.', '2020-01-22 20:44:02', 47, 22);
insert into POST (POSTID, FILE, TEXT_CONTENT, TIMESTAMP, PARENT_TOPIC_ID, USER_ID) values (94, 'http://dummyimage.com/244x241.jpg/dddddd/000000', 'Nam congue, risus semper porta volutpat, quam pede lobortis ligula, sit amet eleifend pede libero quis orci.', '2020-05-22 20:31:09', 59, 26);
insert into POST (POSTID, FILE, TEXT_CONTENT, TIMESTAMP, PARENT_TOPIC_ID, USER_ID) values (95, 'http://dummyimage.com/193x178.jpg/dddddd/000000', 'Aenean lectus. Pellentesque eget nunc.', '2019-11-25 21:26:36', 97, 64);
insert into POST (POSTID, FILE, TEXT_CONTENT, TIMESTAMP, PARENT_TOPIC_ID, USER_ID) values (96, 'http://dummyimage.com/208x121.jpg/ff4444/ffffff', 'Mauris sit amet eros. Suspendisse accumsan tortor quis turpis. Sed ante. Vivamus tortor. Duis mattis egestas metus.', '2020-08-09 04:05:40', 58, 19);
insert into POST (POSTID, FILE, TEXT_CONTENT, TIMESTAMP, PARENT_TOPIC_ID, USER_ID) values (97, 'http://dummyimage.com/224x190.jpg/ff4444/ffffff', 'Morbi non quam nec dui luctus rutrum. Nulla tellus.', '2020-01-28 07:16:48', 71, 8);
insert into POST (POSTID, FILE, TEXT_CONTENT, TIMESTAMP, PARENT_TOPIC_ID, USER_ID) values (98, 'http://dummyimage.com/137x122.jpg/ff4444/ffffff', 'Suspendisse accumsan tortor quis turpis. Sed ante. Vivamus tortor. Duis mattis egestas metus. Aenean fermentum.', '2020-08-07 21:49:42', 9, 94);
insert into POST (POSTID, FILE, TEXT_CONTENT, TIMESTAMP, PARENT_TOPIC_ID, USER_ID) values (99, 'http://dummyimage.com/165x233.jpg/dddddd/000000', 'Pellentesque eget nunc. Donec quis orci eget orci vehicula condimentum.', '2020-01-17 01:42:06', 5, 86);
insert into POST (POSTID, FILE, TEXT_CONTENT, TIMESTAMP, PARENT_TOPIC_ID, USER_ID) values (100, 'http://dummyimage.com/149x215.jpg/dddddd/000000', 'Sed ante.', '2020-03-22 04:40:19', 70, 97);
insert into POST (POSTID, FILE, TEXT_CONTENT, TIMESTAMP, PARENT_TOPIC_ID, USER_ID) values (101, 'http://dummyimage.com/102x212.jpg/cc0000/ffffff', 'Aliquam augue quam, sollicitudin vitae, consectetuer eget, rutrum at, lorem. Integer tincidunt ante vel ipsum. Praesent blandit lacinia erat. Vestibulum sed magna at nunc commodo placerat.', '2020-05-11 23:11:51', 79, 37);
insert into POST (POSTID, FILE, TEXT_CONTENT, TIMESTAMP, PARENT_TOPIC_ID, USER_ID) values (102, 'http://dummyimage.com/113x184.jpg/5fa2dd/ffffff', 'In blandit ultrices enim. Lorem ipsum dolor sit amet, consectetuer adipiscing elit.', '2020-02-18 16:22:10', 74, 39);
insert into POST (POSTID, FILE, TEXT_CONTENT, TIMESTAMP, PARENT_TOPIC_ID, USER_ID) values (103, 'http://dummyimage.com/116x244.jpg/dddddd/000000', 'Vivamus in felis eu sapien cursus vestibulum. Proin eu mi. Nulla ac enim. In tempor, turpis nec euismod scelerisque, quam turpis adipiscing lorem, vitae mattis nibh ligula nec sem.', '2020-10-25 21:03:31', 22, 43);
insert into POST (POSTID, FILE, TEXT_CONTENT, TIMESTAMP, PARENT_TOPIC_ID, USER_ID) values (104, 'http://dummyimage.com/134x134.jpg/ff4444/ffffff', 'Donec semper sapien a libero.', '2020-08-14 10:55:46', 23, 67);
insert into POST (POSTID, FILE, TEXT_CONTENT, TIMESTAMP, PARENT_TOPIC_ID, USER_ID) values (105, 'http://dummyimage.com/139x109.jpg/ff4444/ffffff', 'Aliquam sit amet diam in magna bibendum imperdiet. Nullam orci pede, venenatis non, sodales sed, tincidunt eu, felis. Fusce posuere felis sed lacus. Morbi sem mauris, laoreet ut, rhoncus aliquet, pulvinar sed, nisl.', '2020-10-08 07:08:33', 20, 48);
insert into POST (POSTID, FILE, TEXT_CONTENT, TIMESTAMP, PARENT_TOPIC_ID, USER_ID) values (106, 'http://dummyimage.com/244x184.jpg/ff4444/ffffff', 'Maecenas pulvinar lobortis est. Phasellus sit amet erat.', '2020-02-08 02:12:09', 32, 13);
insert into POST (POSTID, FILE, TEXT_CONTENT, TIMESTAMP, PARENT_TOPIC_ID, USER_ID) values (107, 'http://dummyimage.com/101x179.jpg/5fa2dd/ffffff', 'Cras non velit nec nisi vulputate nonummy. Maecenas tincidunt lacus at velit. Vivamus vel nulla eget eros elementum pellentesque. Quisque porta volutpat erat.', '2020-09-11 14:46:24', 80, 38);
insert into POST (POSTID, FILE, TEXT_CONTENT, TIMESTAMP, PARENT_TOPIC_ID, USER_ID) values (108, 'http://dummyimage.com/160x136.jpg/cc0000/ffffff', 'Nulla nisl.', '2020-10-08 10:56:30', 25, 27);
insert into POST (POSTID, FILE, TEXT_CONTENT, TIMESTAMP, PARENT_TOPIC_ID, USER_ID) values (109, 'http://dummyimage.com/122x227.jpg/cc0000/ffffff', 'Donec dapibus. Duis at velit eu est congue elementum. In hac habitasse platea dictumst. Morbi vestibulum, velit id pretium iaculis, diam erat fermentum justo, nec condimentum neque sapien placerat ante. Nulla justo.', '2020-06-21 13:24:32', 90, 47);
insert into POST (POSTID, FILE, TEXT_CONTENT, TIMESTAMP, PARENT_TOPIC_ID, USER_ID) values (110, 'http://dummyimage.com/169x140.jpg/5fa2dd/ffffff', 'Mauris lacinia sapien quis libero.', '2020-04-27 14:29:47', 42, 82);
insert into POST (POSTID, FILE, TEXT_CONTENT, TIMESTAMP, PARENT_TOPIC_ID, USER_ID) values (111, 'http://dummyimage.com/163x165.jpg/dddddd/000000', 'Mauris enim leo, rhoncus sed, vestibulum sit amet, cursus id, turpis. Integer aliquet, massa id lobortis convallis, tortor risus dapibus augue, vel accumsan tellus nisi eu orci. Mauris lacinia sapien quis libero. Nullam sit amet turpis elementum ligula vehicula consequat.', '2020-02-18 08:54:35', 37, 14);
insert into POST (POSTID, FILE, TEXT_CONTENT, TIMESTAMP, PARENT_TOPIC_ID, USER_ID) values (112, 'http://dummyimage.com/217x161.jpg/ff4444/ffffff', 'Aliquam quis turpis eget elit sodales scelerisque.', '2020-01-24 03:34:19', 69, 48);
insert into POST (POSTID, FILE, TEXT_CONTENT, TIMESTAMP, PARENT_TOPIC_ID, USER_ID) values (113, 'http://dummyimage.com/218x142.jpg/dddddd/000000', 'Etiam vel augue. Vestibulum rutrum rutrum neque. Aenean auctor gravida sem.', '2020-01-06 22:18:46', 88, 32);
insert into POST (POSTID, FILE, TEXT_CONTENT, TIMESTAMP, PARENT_TOPIC_ID, USER_ID) values (114, 'http://dummyimage.com/249x239.jpg/5fa2dd/ffffff', 'Ut tellus. Nulla ut erat id mauris vulputate elementum. Nullam varius.', '2020-01-20 15:34:07', 51, 28);
insert into POST (POSTID, FILE, TEXT_CONTENT, TIMESTAMP, PARENT_TOPIC_ID, USER_ID) values (115, 'http://dummyimage.com/247x129.jpg/dddddd/000000', 'Donec semper sapien a libero. Nam dui. Proin leo odio, porttitor id, consequat in, consequat ut, nulla. Sed accumsan felis. Ut at dolor quis odio consequat varius.', '2020-02-05 20:14:28', 91, 29);
insert into POST (POSTID, FILE, TEXT_CONTENT, TIMESTAMP, PARENT_TOPIC_ID, USER_ID) values (116, 'http://dummyimage.com/167x169.jpg/5fa2dd/ffffff', 'Donec posuere metus vitae ipsum. Aliquam non mauris. Morbi non lectus. Aliquam sit amet diam in magna bibendum imperdiet.', '2020-04-06 07:31:56', 6, 10);
insert into POST (POSTID, FILE, TEXT_CONTENT, TIMESTAMP, PARENT_TOPIC_ID, USER_ID) values (117, 'http://dummyimage.com/143x126.jpg/5fa2dd/ffffff', 'Vivamus vel nulla eget eros elementum pellentesque. Quisque porta volutpat erat. Quisque erat eros, viverra eget, congue eget, semper rutrum, nulla. Nunc purus. Phasellus in felis.', '2020-01-13 00:13:15', 43, 40);
insert into POST (POSTID, FILE, TEXT_CONTENT, TIMESTAMP, PARENT_TOPIC_ID, USER_ID) values (118, 'http://dummyimage.com/248x192.jpg/5fa2dd/ffffff', 'Vestibulum ac est lacinia nisi venenatis tristique.', '2020-04-26 15:18:38', 99, 42);
insert into POST (POSTID, FILE, TEXT_CONTENT, TIMESTAMP, PARENT_TOPIC_ID, USER_ID) values (119, 'http://dummyimage.com/231x185.jpg/ff4444/ffffff', 'Cum sociis natoque penatibus et magnis dis parturient montes, nascetur ridiculus mus. Etiam vel augue. Vestibulum rutrum rutrum neque. Aenean auctor gravida sem.', '2020-03-25 03:25:43', 15, 79);
insert into POST (POSTID, FILE, TEXT_CONTENT, TIMESTAMP, PARENT_TOPIC_ID, USER_ID) values (120, 'http://dummyimage.com/165x230.jpg/cc0000/ffffff', 'Praesent blandit lacinia erat. Vestibulum sed magna at nunc commodo placerat.', '2020-10-16 06:48:22', 80, 36);
insert into POST (POSTID, FILE, TEXT_CONTENT, TIMESTAMP, PARENT_TOPIC_ID, USER_ID) values (121, 'http://dummyimage.com/227x200.jpg/dddddd/000000', 'In blandit ultrices enim. Lorem ipsum dolor sit amet, consectetuer adipiscing elit.', '2019-11-13 21:41:57', 13, 68);
insert into POST (POSTID, FILE, TEXT_CONTENT, TIMESTAMP, PARENT_TOPIC_ID, USER_ID) values (122, 'http://dummyimage.com/186x214.jpg/5fa2dd/ffffff', 'Morbi odio odio, elementum eu, interdum eu, tincidunt in, leo. Maecenas pulvinar lobortis est.', '2020-04-03 05:54:25', 62, 22);
insert into POST (POSTID, FILE, TEXT_CONTENT, TIMESTAMP, PARENT_TOPIC_ID, USER_ID) values (123, 'http://dummyimage.com/118x143.jpg/ff4444/ffffff', 'Praesent lectus. Vestibulum quam sapien, varius ut, blandit non, interdum in, ante. Vestibulum ante ipsum primis in faucibus orci luctus et ultrices posuere cubilia Curae; Duis faucibus accumsan odio.', '2020-02-02 20:30:38', 2, 21);
insert into POST (POSTID, FILE, TEXT_CONTENT, TIMESTAMP, PARENT_TOPIC_ID, USER_ID) values (124, 'http://dummyimage.com/125x137.jpg/5fa2dd/ffffff', 'Aenean sit amet justo. Morbi ut odio. Cras mi pede, malesuada in, imperdiet et, commodo vulputate, justo. In blandit ultrices enim. Lorem ipsum dolor sit amet, consectetuer adipiscing elit.', '2020-09-13 12:57:19', 30, 72);
insert into POST (POSTID, FILE, TEXT_CONTENT, TIMESTAMP, PARENT_TOPIC_ID, USER_ID) values (125, 'http://dummyimage.com/223x199.jpg/5fa2dd/ffffff', 'Quisque ut erat. Curabitur gravida nisi at nibh.', '2020-08-31 14:20:21', 84, 84);
insert into POST (POSTID, FILE, TEXT_CONTENT, TIMESTAMP, PARENT_TOPIC_ID, USER_ID) values (126, 'http://dummyimage.com/104x186.jpg/ff4444/ffffff', 'Praesent blandit. Nam nulla.', '2020-08-30 00:35:07', 46, 8);
insert into POST (POSTID, FILE, TEXT_CONTENT, TIMESTAMP, PARENT_TOPIC_ID, USER_ID) values (127, 'http://dummyimage.com/107x110.jpg/ff4444/ffffff', 'Cras pellentesque volutpat dui. Maecenas tristique, est et tempus semper, est quam pharetra magna, ac consequat metus sapien ut nunc. Vestibulum ante ipsum primis in faucibus orci luctus et ultrices posuere cubilia Curae; Mauris viverra diam vitae quam. Suspendisse potenti. Nullam porttitor lacus at turpis.', '2020-03-07 00:30:33', 43, 17);
insert into POST (POSTID, FILE, TEXT_CONTENT, TIMESTAMP, PARENT_TOPIC_ID, USER_ID) values (128, 'http://dummyimage.com/209x203.jpg/cc0000/ffffff', 'Cum sociis natoque penatibus et magnis dis parturient montes, nascetur ridiculus mus. Etiam vel augue. Vestibulum rutrum rutrum neque. Aenean auctor gravida sem.', '2020-01-22 22:21:08', 77, 35);
insert into POST (POSTID, FILE, TEXT_CONTENT, TIMESTAMP, PARENT_TOPIC_ID, USER_ID) values (129, 'http://dummyimage.com/183x118.jpg/dddddd/000000', 'Nulla tempus. Vivamus in felis eu sapien cursus vestibulum.', '2020-01-03 14:08:45', 11, 15);
insert into POST (POSTID, FILE, TEXT_CONTENT, TIMESTAMP, PARENT_TOPIC_ID, USER_ID) values (130, 'http://dummyimage.com/176x200.jpg/dddddd/000000', 'In eleifend quam a odio. In hac habitasse platea dictumst. Maecenas ut massa quis augue luctus tincidunt.', '2020-09-21 13:23:47', 97, 94);
insert into POST (POSTID, FILE, TEXT_CONTENT, TIMESTAMP, PARENT_TOPIC_ID, USER_ID) values (131, 'http://dummyimage.com/114x127.jpg/cc0000/ffffff', 'Aenean lectus. Pellentesque eget nunc. Donec quis orci eget orci vehicula condimentum. Curabitur in libero ut massa volutpat convallis.', '2020-06-19 05:14:27', 29, 22);
insert into POST (POSTID, FILE, TEXT_CONTENT, TIMESTAMP, PARENT_TOPIC_ID, USER_ID) values (132, 'http://dummyimage.com/103x176.jpg/5fa2dd/ffffff', 'Praesent id massa id nisl venenatis lacinia. Aenean sit amet justo.', '2020-05-01 11:01:24', 92, 14);
insert into POST (POSTID, FILE, TEXT_CONTENT, TIMESTAMP, PARENT_TOPIC_ID, USER_ID) values (133, 'http://dummyimage.com/240x154.jpg/dddddd/000000', 'Fusce consequat. Nulla nisl.', '2019-11-27 07:18:34', 65, 61);
insert into POST (POSTID, FILE, TEXT_CONTENT, TIMESTAMP, PARENT_TOPIC_ID, USER_ID) values (134, 'http://dummyimage.com/125x146.jpg/dddddd/000000', 'Aliquam erat volutpat. In congue. Etiam justo.', '2020-09-23 06:39:36', 73, 27);
insert into POST (POSTID, FILE, TEXT_CONTENT, TIMESTAMP, PARENT_TOPIC_ID, USER_ID) values (135, 'http://dummyimage.com/110x147.jpg/5fa2dd/ffffff', 'Nullam porttitor lacus at turpis.', '2020-09-30 02:46:05', 92, 30);
insert into POST (POSTID, FILE, TEXT_CONTENT, TIMESTAMP, PARENT_TOPIC_ID, USER_ID) values (136, 'http://dummyimage.com/157x105.jpg/ff4444/ffffff', 'Donec quis orci eget orci vehicula condimentum. Curabitur in libero ut massa volutpat convallis. Morbi odio odio, elementum eu, interdum eu, tincidunt in, leo. Maecenas pulvinar lobortis est.', '2020-05-02 19:23:50', 46, 65);
insert into POST (POSTID, FILE, TEXT_CONTENT, TIMESTAMP, PARENT_TOPIC_ID, USER_ID) values (137, 'http://dummyimage.com/158x120.jpg/cc0000/ffffff', 'Duis bibendum. Morbi non quam nec dui luctus rutrum.', '2020-07-19 09:23:16', 4, 66);
insert into POST (POSTID, FILE, TEXT_CONTENT, TIMESTAMP, PARENT_TOPIC_ID, USER_ID) values (138, 'http://dummyimage.com/157x249.jpg/cc0000/ffffff', 'In hac habitasse platea dictumst. Etiam faucibus cursus urna. Ut tellus. Nulla ut erat id mauris vulputate elementum. Nullam varius.', '2019-12-03 04:04:32', 1, 34);
insert into POST (POSTID, FILE, TEXT_CONTENT, TIMESTAMP, PARENT_TOPIC_ID, USER_ID) values (139, 'http://dummyimage.com/250x242.jpg/dddddd/000000', 'Maecenas tristique, est et tempus semper, est quam pharetra magna, ac consequat metus sapien ut nunc. Vestibulum ante ipsum primis in faucibus orci luctus et ultrices posuere cubilia Curae; Mauris viverra diam vitae quam. Suspendisse potenti. Nullam porttitor lacus at turpis. Donec posuere metus vitae ipsum.', '2020-03-07 21:23:21', 100, 65);
insert into POST (POSTID, FILE, TEXT_CONTENT, TIMESTAMP, PARENT_TOPIC_ID, USER_ID) values (140, 'http://dummyimage.com/130x235.jpg/dddddd/000000', 'Morbi non quam nec dui luctus rutrum. Nulla tellus. In sagittis dui vel nisl. Duis ac nibh.', '2019-11-04 23:54:57', 29, 91);
insert into POST (POSTID, FILE, TEXT_CONTENT, TIMESTAMP, PARENT_TOPIC_ID, USER_ID) values (141, 'http://dummyimage.com/237x197.jpg/ff4444/ffffff', 'Aliquam sit amet diam in magna bibendum imperdiet.', '2020-10-05 10:34:00', 37, 56);
insert into POST (POSTID, FILE, TEXT_CONTENT, TIMESTAMP, PARENT_TOPIC_ID, USER_ID) values (142, 'http://dummyimage.com/243x192.jpg/dddddd/000000', 'Praesent id massa id nisl venenatis lacinia. Aenean sit amet justo.', '2020-07-29 11:10:32', 40, 74);
insert into POST (POSTID, FILE, TEXT_CONTENT, TIMESTAMP, PARENT_TOPIC_ID, USER_ID) values (143, 'http://dummyimage.com/167x176.jpg/cc0000/ffffff', 'Nulla facilisi. Cras non velit nec nisi vulputate nonummy. Maecenas tincidunt lacus at velit. Vivamus vel nulla eget eros elementum pellentesque. Quisque porta volutpat erat.', '2020-06-23 14:42:59', 34, 24);
insert into POST (POSTID, FILE, TEXT_CONTENT, TIMESTAMP, PARENT_TOPIC_ID, USER_ID) values (144, 'http://dummyimage.com/159x139.jpg/cc0000/ffffff', 'Morbi vel lectus in quam fringilla rhoncus. Mauris enim leo, rhoncus sed, vestibulum sit amet, cursus id, turpis.', '2020-09-24 04:16:50', 57, 18);
insert into POST (POSTID, FILE, TEXT_CONTENT, TIMESTAMP, PARENT_TOPIC_ID, USER_ID) values (145, 'http://dummyimage.com/106x113.jpg/ff4444/ffffff', 'Morbi a ipsum. Integer a nibh. In quis justo. Maecenas rhoncus aliquam lacus.', '2020-04-29 12:27:33', 24, 39);
insert into POST (POSTID, FILE, TEXT_CONTENT, TIMESTAMP, PARENT_TOPIC_ID, USER_ID) values (146, 'http://dummyimage.com/248x185.jpg/5fa2dd/ffffff', 'Donec ut mauris eget massa tempor convallis. Nulla neque libero, convallis eget, eleifend luctus, ultricies eu, nibh. Quisque id justo sit amet sapien dignissim vestibulum.', '2019-11-26 15:49:06', 100, 52);
insert into POST (POSTID, FILE, TEXT_CONTENT, TIMESTAMP, PARENT_TOPIC_ID, USER_ID) values (147, 'http://dummyimage.com/158x223.jpg/5fa2dd/ffffff', 'Lorem ipsum dolor sit amet, consectetuer adipiscing elit. Proin risus. Praesent lectus. Vestibulum quam sapien, varius ut, blandit non, interdum in, ante. Vestibulum ante ipsum primis in faucibus orci luctus et ultrices posuere cubilia Curae; Duis faucibus accumsan odio.', '2020-01-05 23:39:33', 83, 47);
insert into POST (POSTID, FILE, TEXT_CONTENT, TIMESTAMP, PARENT_TOPIC_ID, USER_ID) values (148, 'http://dummyimage.com/220x240.jpg/5fa2dd/ffffff', 'Morbi vestibulum, velit id pretium iaculis, diam erat fermentum justo, nec condimentum neque sapien placerat ante. Nulla justo. Aliquam quis turpis eget elit sodales scelerisque. Mauris sit amet eros.', '2020-02-12 05:48:36', 28, 4);
insert into POST (POSTID, FILE, TEXT_CONTENT, TIMESTAMP, PARENT_TOPIC_ID, USER_ID) values (149, 'http://dummyimage.com/242x167.jpg/dddddd/000000', 'Mauris sit amet eros. Suspendisse accumsan tortor quis turpis. Sed ante.', '2020-03-25 17:51:23', 95, 33);
insert into POST (POSTID, FILE, TEXT_CONTENT, TIMESTAMP, PARENT_TOPIC_ID, USER_ID) values (150, 'http://dummyimage.com/199x133.jpg/5fa2dd/ffffff', 'Etiam vel augue. Vestibulum rutrum rutrum neque. Aenean auctor gravida sem. Praesent id massa id nisl venenatis lacinia.', '2020-03-25 13:23:32', 66, 70);
insert into POST (POSTID, FILE, TEXT_CONTENT, TIMESTAMP, PARENT_TOPIC_ID, USER_ID) values (151, 'http://dummyimage.com/193x130.jpg/5fa2dd/ffffff', 'Morbi odio odio, elementum eu, interdum eu, tincidunt in, leo. Maecenas pulvinar lobortis est. Phasellus sit amet erat.', '2020-03-21 02:42:53', 76, 100);
insert into POST (POSTID, FILE, TEXT_CONTENT, TIMESTAMP, PARENT_TOPIC_ID, USER_ID) values (152, 'http://dummyimage.com/101x237.jpg/cc0000/ffffff', 'Integer aliquet, massa id lobortis convallis, tortor risus dapibus augue, vel accumsan tellus nisi eu orci. Mauris lacinia sapien quis libero. Nullam sit amet turpis elementum ligula vehicula consequat.', '2019-12-06 11:32:43', 22, 96);
insert into POST (POSTID, FILE, TEXT_CONTENT, TIMESTAMP, PARENT_TOPIC_ID, USER_ID) values (153, 'http://dummyimage.com/208x230.jpg/dddddd/000000', 'In hac habitasse platea dictumst. Maecenas ut massa quis augue luctus tincidunt.', '2020-01-01 11:51:57', 3, 25);
insert into POST (POSTID, FILE, TEXT_CONTENT, TIMESTAMP, PARENT_TOPIC_ID, USER_ID) values (154, 'http://dummyimage.com/243x147.jpg/ff4444/ffffff', 'Morbi odio odio, elementum eu, interdum eu, tincidunt in, leo.', '2020-06-20 09:45:53', 83, 95);
insert into POST (POSTID, FILE, TEXT_CONTENT, TIMESTAMP, PARENT_TOPIC_ID, USER_ID) values (155, 'http://dummyimage.com/177x132.jpg/ff4444/ffffff', 'Integer tincidunt ante vel ipsum. Praesent blandit lacinia erat. Vestibulum sed magna at nunc commodo placerat. Praesent blandit. Nam nulla.', '2019-11-07 06:49:05', 79, 83);
insert into POST (POSTID, FILE, TEXT_CONTENT, TIMESTAMP, PARENT_TOPIC_ID, USER_ID) values (156, 'http://dummyimage.com/165x158.jpg/dddddd/000000', 'Morbi non lectus. Aliquam sit amet diam in magna bibendum imperdiet. Nullam orci pede, venenatis non, sodales sed, tincidunt eu, felis. Fusce posuere felis sed lacus.', '2020-04-04 19:06:22', 98, 47);
insert into POST (POSTID, FILE, TEXT_CONTENT, TIMESTAMP, PARENT_TOPIC_ID, USER_ID) values (157, 'http://dummyimage.com/230x159.jpg/ff4444/ffffff', 'Vivamus metus arcu, adipiscing molestie, hendrerit at, vulputate vitae, nisl.', '2020-08-10 12:50:56', 15, 29);
insert into POST (POSTID, FILE, TEXT_CONTENT, TIMESTAMP, PARENT_TOPIC_ID, USER_ID) values (158, 'http://dummyimage.com/200x188.jpg/ff4444/ffffff', 'Donec semper sapien a libero. Nam dui.', '2020-05-31 03:16:36', 24, 60);
insert into POST (POSTID, FILE, TEXT_CONTENT, TIMESTAMP, PARENT_TOPIC_ID, USER_ID) values (159, 'http://dummyimage.com/222x215.jpg/ff4444/ffffff', 'Lorem ipsum dolor sit amet, consectetuer adipiscing elit. Proin risus.', '2020-07-29 07:12:17', 8, 51);
insert into POST (POSTID, FILE, TEXT_CONTENT, TIMESTAMP, PARENT_TOPIC_ID, USER_ID) values (160, 'http://dummyimage.com/185x197.jpg/cc0000/ffffff', 'Nullam sit amet turpis elementum ligula vehicula consequat. Morbi a ipsum.', '2020-06-11 20:10:16', 39, 65);
insert into POST (POSTID, FILE, TEXT_CONTENT, TIMESTAMP, PARENT_TOPIC_ID, USER_ID) values (161, 'http://dummyimage.com/132x151.jpg/cc0000/ffffff', 'Cras in purus eu magna vulputate luctus. Cum sociis natoque penatibus et magnis dis parturient montes, nascetur ridiculus mus. Vivamus vestibulum sagittis sapien.', '2020-10-16 12:45:18', 36, 65);
insert into POST (POSTID, FILE, TEXT_CONTENT, TIMESTAMP, PARENT_TOPIC_ID, USER_ID) values (162, 'http://dummyimage.com/160x170.jpg/5fa2dd/ffffff', 'Nulla nisl. Nunc nisl. Duis bibendum, felis sed interdum venenatis, turpis enim blandit mi, in porttitor pede justo eu massa.', '2020-09-13 02:20:31', 17, 2);
insert into POST (POSTID, FILE, TEXT_CONTENT, TIMESTAMP, PARENT_TOPIC_ID, USER_ID) values (163, 'http://dummyimage.com/112x173.jpg/ff4444/ffffff', 'Suspendisse potenti. Nullam porttitor lacus at turpis. Donec posuere metus vitae ipsum. Aliquam non mauris.', '2020-04-07 10:50:32', 54, 85);
insert into POST (POSTID, FILE, TEXT_CONTENT, TIMESTAMP, PARENT_TOPIC_ID, USER_ID) values (164, 'http://dummyimage.com/201x122.jpg/5fa2dd/ffffff', 'Morbi vestibulum, velit id pretium iaculis, diam erat fermentum justo, nec condimentum neque sapien placerat ante.', '2020-03-07 05:42:05', 94, 59);
insert into POST (POSTID, FILE, TEXT_CONTENT, TIMESTAMP, PARENT_TOPIC_ID, USER_ID) values (165, 'http://dummyimage.com/174x105.jpg/cc0000/ffffff', 'Nulla tellus. In sagittis dui vel nisl. Duis ac nibh. Fusce lacus purus, aliquet at, feugiat non, pretium quis, lectus.', '2020-03-17 02:23:07', 70, 56);
insert into POST (POSTID, FILE, TEXT_CONTENT, TIMESTAMP, PARENT_TOPIC_ID, USER_ID) values (166, 'http://dummyimage.com/177x165.jpg/cc0000/ffffff', 'In hac habitasse platea dictumst. Morbi vestibulum, velit id pretium iaculis, diam erat fermentum justo, nec condimentum neque sapien placerat ante. Nulla justo.', '2020-01-18 08:40:16', 69, 97);
insert into POST (POSTID, FILE, TEXT_CONTENT, TIMESTAMP, PARENT_TOPIC_ID, USER_ID) values (167, 'http://dummyimage.com/169x173.jpg/ff4444/ffffff', 'Duis at velit eu est congue elementum. In hac habitasse platea dictumst. Morbi vestibulum, velit id pretium iaculis, diam erat fermentum justo, nec condimentum neque sapien placerat ante. Nulla justo.', '2020-07-19 03:14:23', 93, 11);
insert into POST (POSTID, FILE, TEXT_CONTENT, TIMESTAMP, PARENT_TOPIC_ID, USER_ID) values (168, 'http://dummyimage.com/189x223.jpg/ff4444/ffffff', 'Vestibulum ac est lacinia nisi venenatis tristique. Fusce congue, diam id ornare imperdiet, sapien urna pretium nisl, ut volutpat sapien arcu sed augue. Aliquam erat volutpat.', '2020-06-13 08:19:13', 70, 34);
insert into POST (POSTID, FILE, TEXT_CONTENT, TIMESTAMP, PARENT_TOPIC_ID, USER_ID) values (169, 'http://dummyimage.com/200x165.jpg/ff4444/ffffff', 'Aenean lectus. Pellentesque eget nunc. Donec quis orci eget orci vehicula condimentum. Curabitur in libero ut massa volutpat convallis. Morbi odio odio, elementum eu, interdum eu, tincidunt in, leo.', '2020-02-02 21:46:18', 2, 15);
insert into POST (POSTID, FILE, TEXT_CONTENT, TIMESTAMP, PARENT_TOPIC_ID, USER_ID) values (170, 'http://dummyimage.com/142x203.jpg/ff4444/ffffff', 'Morbi non lectus. Aliquam sit amet diam in magna bibendum imperdiet. Nullam orci pede, venenatis non, sodales sed, tincidunt eu, felis. Fusce posuere felis sed lacus. Morbi sem mauris, laoreet ut, rhoncus aliquet, pulvinar sed, nisl.', '2020-01-21 06:00:13', 77, 79);
insert into POST (POSTID, FILE, TEXT_CONTENT, TIMESTAMP, PARENT_TOPIC_ID, USER_ID) values (171, 'http://dummyimage.com/103x228.jpg/ff4444/ffffff', 'Morbi vestibulum, velit id pretium iaculis, diam erat fermentum justo, nec condimentum neque sapien placerat ante. Nulla justo. Aliquam quis turpis eget elit sodales scelerisque. Mauris sit amet eros. Suspendisse accumsan tortor quis turpis.', '2020-08-11 09:15:41', 1, 39);
insert into POST (POSTID, FILE, TEXT_CONTENT, TIMESTAMP, PARENT_TOPIC_ID, USER_ID) values (172, 'http://dummyimage.com/105x115.jpg/dddddd/000000', 'Lorem ipsum dolor sit amet, consectetuer adipiscing elit. Proin interdum mauris non ligula pellentesque ultrices. Phasellus id sapien in sapien iaculis congue. Vivamus metus arcu, adipiscing molestie, hendrerit at, vulputate vitae, nisl. Aenean lectus.', '2020-09-24 18:41:40', 17, 98);
insert into POST (POSTID, FILE, TEXT_CONTENT, TIMESTAMP, PARENT_TOPIC_ID, USER_ID) values (173, 'http://dummyimage.com/204x116.jpg/5fa2dd/ffffff', 'In congue. Etiam justo. Etiam pretium iaculis justo. In hac habitasse platea dictumst.', '2020-09-21 00:45:46', 38, 45);
insert into POST (POSTID, FILE, TEXT_CONTENT, TIMESTAMP, PARENT_TOPIC_ID, USER_ID) values (174, 'http://dummyimage.com/231x245.jpg/ff4444/ffffff', 'Nulla tempus. Vivamus in felis eu sapien cursus vestibulum. Proin eu mi. Nulla ac enim.', '2019-11-03 19:18:05', 91, 86);
insert into POST (POSTID, FILE, TEXT_CONTENT, TIMESTAMP, PARENT_TOPIC_ID, USER_ID) values (175, 'http://dummyimage.com/220x187.jpg/cc0000/ffffff', 'Cras pellentesque volutpat dui. Maecenas tristique, est et tempus semper, est quam pharetra magna, ac consequat metus sapien ut nunc.', '2020-05-15 04:27:26', 85, 80);
insert into POST (POSTID, FILE, TEXT_CONTENT, TIMESTAMP, PARENT_TOPIC_ID, USER_ID) values (176, 'http://dummyimage.com/226x191.jpg/ff4444/ffffff', 'Integer ac neque. Duis bibendum. Morbi non quam nec dui luctus rutrum. Nulla tellus. In sagittis dui vel nisl.', '2020-04-30 21:47:56', 10, 37);
insert into POST (POSTID, FILE, TEXT_CONTENT, TIMESTAMP, PARENT_TOPIC_ID, USER_ID) values (177, 'http://dummyimage.com/171x187.jpg/cc0000/ffffff', 'Donec posuere metus vitae ipsum. Aliquam non mauris. Morbi non lectus. Aliquam sit amet diam in magna bibendum imperdiet. Nullam orci pede, venenatis non, sodales sed, tincidunt eu, felis.', '2020-03-11 00:37:18', 8, 92);
insert into POST (POSTID, FILE, TEXT_CONTENT, TIMESTAMP, PARENT_TOPIC_ID, USER_ID) values (178, 'http://dummyimage.com/119x208.jpg/ff4444/ffffff', 'Nulla ut erat id mauris vulputate elementum. Nullam varius. Nulla facilisi. Cras non velit nec nisi vulputate nonummy. Maecenas tincidunt lacus at velit.', '2019-12-18 08:06:08', 59, 42);
insert into POST (POSTID, FILE, TEXT_CONTENT, TIMESTAMP, PARENT_TOPIC_ID, USER_ID) values (179, 'http://dummyimage.com/104x132.jpg/ff4444/ffffff', 'Nullam orci pede, venenatis non, sodales sed, tincidunt eu, felis.', '2020-01-24 05:20:26', 10, 38);
insert into POST (POSTID, FILE, TEXT_CONTENT, TIMESTAMP, PARENT_TOPIC_ID, USER_ID) values (180, 'http://dummyimage.com/193x107.jpg/ff4444/ffffff', 'Curabitur gravida nisi at nibh. In hac habitasse platea dictumst. Aliquam augue quam, sollicitudin vitae, consectetuer eget, rutrum at, lorem. Integer tincidunt ante vel ipsum.', '2020-01-24 14:48:58', 36, 8);
insert into POST (POSTID, FILE, TEXT_CONTENT, TIMESTAMP, PARENT_TOPIC_ID, USER_ID) values (181, 'http://dummyimage.com/217x126.jpg/dddddd/000000', 'Integer aliquet, massa id lobortis convallis, tortor risus dapibus augue, vel accumsan tellus nisi eu orci. Mauris lacinia sapien quis libero.', '2020-03-27 10:28:34', 20, 57);
insert into POST (POSTID, FILE, TEXT_CONTENT, TIMESTAMP, PARENT_TOPIC_ID, USER_ID) values (182, 'http://dummyimage.com/166x119.jpg/dddddd/000000', 'In tempor, turpis nec euismod scelerisque, quam turpis adipiscing lorem, vitae mattis nibh ligula nec sem. Duis aliquam convallis nunc. Proin at turpis a pede posuere nonummy. Integer non velit.', '2019-12-01 02:29:28', 5, 15);
insert into POST (POSTID, FILE, TEXT_CONTENT, TIMESTAMP, PARENT_TOPIC_ID, USER_ID) values (183, 'http://dummyimage.com/222x248.jpg/5fa2dd/ffffff', 'Cras non velit nec nisi vulputate nonummy. Maecenas tincidunt lacus at velit. Vivamus vel nulla eget eros elementum pellentesque. Quisque porta volutpat erat.', '2020-03-09 15:12:42', 23, 56);
insert into POST (POSTID, FILE, TEXT_CONTENT, TIMESTAMP, PARENT_TOPIC_ID, USER_ID) values (184, 'http://dummyimage.com/213x133.jpg/cc0000/ffffff', 'Integer non velit. Donec diam neque, vestibulum eget, vulputate ut, ultrices vel, augue. Vestibulum ante ipsum primis in faucibus orci luctus et ultrices posuere cubilia Curae; Donec pharetra, magna vestibulum aliquet ultrices, erat tortor sollicitudin mi, sit amet lobortis sapien sapien non mi.', '2020-07-21 15:12:25', 54, 54);
insert into POST (POSTID, FILE, TEXT_CONTENT, TIMESTAMP, PARENT_TOPIC_ID, USER_ID) values (185, 'http://dummyimage.com/236x108.jpg/ff4444/ffffff', 'Vestibulum ac est lacinia nisi venenatis tristique. Fusce congue, diam id ornare imperdiet, sapien urna pretium nisl, ut volutpat sapien arcu sed augue. Aliquam erat volutpat.', '2020-10-02 00:22:46', 33, 76);
insert into POST (POSTID, FILE, TEXT_CONTENT, TIMESTAMP, PARENT_TOPIC_ID, USER_ID) values (186, 'http://dummyimage.com/140x194.jpg/dddddd/000000', 'Aliquam quis turpis eget elit sodales scelerisque.', '2020-07-11 18:24:30', 35, 13);
insert into POST (POSTID, FILE, TEXT_CONTENT, TIMESTAMP, PARENT_TOPIC_ID, USER_ID) values (187, 'http://dummyimage.com/227x207.jpg/ff4444/ffffff', 'Morbi a ipsum. Integer a nibh.', '2020-08-05 09:04:55', 96, 82);
insert into POST (POSTID, FILE, TEXT_CONTENT, TIMESTAMP, PARENT_TOPIC_ID, USER_ID) values (188, 'http://dummyimage.com/202x214.jpg/5fa2dd/ffffff', 'Nam dui. Proin leo odio, porttitor id, consequat in, consequat ut, nulla.', '2019-11-17 14:56:33', 68, 66);
insert into POST (POSTID, FILE, TEXT_CONTENT, TIMESTAMP, PARENT_TOPIC_ID, USER_ID) values (189, 'http://dummyimage.com/181x207.jpg/ff4444/ffffff', 'Integer ac leo. Pellentesque ultrices mattis odio. Donec vitae nisi. Nam ultrices, libero non mattis pulvinar, nulla pede ullamcorper augue, a suscipit nulla elit ac nulla. Sed vel enim sit amet nunc viverra dapibus.', '2020-08-24 13:08:45', 26, 7);
insert into POST (POSTID, FILE, TEXT_CONTENT, TIMESTAMP, PARENT_TOPIC_ID, USER_ID) values (190, 'http://dummyimage.com/227x162.jpg/ff4444/ffffff', 'Mauris lacinia sapien quis libero. Nullam sit amet turpis elementum ligula vehicula consequat. Morbi a ipsum.', '2020-04-09 04:37:22', 97, 17);
insert into POST (POSTID, FILE, TEXT_CONTENT, TIMESTAMP, PARENT_TOPIC_ID, USER_ID) values (191, 'http://dummyimage.com/212x112.jpg/ff4444/ffffff', 'Vestibulum ac est lacinia nisi venenatis tristique. Fusce congue, diam id ornare imperdiet, sapien urna pretium nisl, ut volutpat sapien arcu sed augue. Aliquam erat volutpat. In congue.', '2020-06-04 02:21:59', 88, 53);
insert into POST (POSTID, FILE, TEXT_CONTENT, TIMESTAMP, PARENT_TOPIC_ID, USER_ID) values (192, 'http://dummyimage.com/122x247.jpg/5fa2dd/ffffff', 'Cum sociis natoque penatibus et magnis dis parturient montes, nascetur ridiculus mus. Vivamus vestibulum sagittis sapien. Cum sociis natoque penatibus et magnis dis parturient montes, nascetur ridiculus mus. Etiam vel augue. Vestibulum rutrum rutrum neque.', '2020-05-28 07:47:43', 49, 93);
insert into POST (POSTID, FILE, TEXT_CONTENT, TIMESTAMP, PARENT_TOPIC_ID, USER_ID) values (193, 'http://dummyimage.com/115x134.jpg/5fa2dd/ffffff', 'Duis consequat dui nec nisi volutpat eleifend. Donec ut dolor. Morbi vel lectus in quam fringilla rhoncus. Mauris enim leo, rhoncus sed, vestibulum sit amet, cursus id, turpis. Integer aliquet, massa id lobortis convallis, tortor risus dapibus augue, vel accumsan tellus nisi eu orci.', '2020-05-09 20:15:57', 43, 21);
insert into POST (POSTID, FILE, TEXT_CONTENT, TIMESTAMP, PARENT_TOPIC_ID, USER_ID) values (194, 'http://dummyimage.com/144x157.jpg/5fa2dd/ffffff', 'Sed vel enim sit amet nunc viverra dapibus. Nulla suscipit ligula in lacus. Curabitur at ipsum ac tellus semper interdum.', '2020-01-18 04:51:49', 32, 27);
insert into POST (POSTID, FILE, TEXT_CONTENT, TIMESTAMP, PARENT_TOPIC_ID, USER_ID) values (195, 'http://dummyimage.com/180x175.jpg/dddddd/000000', 'Phasellus sit amet erat. Nulla tempus.', '2019-12-14 08:34:11', 48, 48);
insert into POST (POSTID, FILE, TEXT_CONTENT, TIMESTAMP, PARENT_TOPIC_ID, USER_ID) values (196, 'http://dummyimage.com/203x209.jpg/dddddd/000000', 'Donec posuere metus vitae ipsum. Aliquam non mauris. Morbi non lectus. Aliquam sit amet diam in magna bibendum imperdiet. Nullam orci pede, venenatis non, sodales sed, tincidunt eu, felis.', '2020-01-10 07:19:06', 62, 31);
insert into POST (POSTID, FILE, TEXT_CONTENT, TIMESTAMP, PARENT_TOPIC_ID, USER_ID) values (197, 'http://dummyimage.com/114x212.jpg/dddddd/000000', 'Sed accumsan felis.', '2019-11-10 18:32:50', 77, 6);
insert into POST (POSTID, FILE, TEXT_CONTENT, TIMESTAMP, PARENT_TOPIC_ID, USER_ID) values (198, 'http://dummyimage.com/195x112.jpg/ff4444/ffffff', 'Praesent blandit lacinia erat. Vestibulum sed magna at nunc commodo placerat. Praesent blandit.', '2019-12-04 02:15:07', 7, 65);
insert into POST (POSTID, FILE, TEXT_CONTENT, TIMESTAMP, PARENT_TOPIC_ID, USER_ID) values (199, 'http://dummyimage.com/155x226.jpg/cc0000/ffffff', 'Nulla neque libero, convallis eget, eleifend luctus, ultricies eu, nibh. Quisque id justo sit amet sapien dignissim vestibulum.', '2020-10-20 22:28:02', 48, 56);
insert into POST (POSTID, FILE, TEXT_CONTENT, TIMESTAMP, PARENT_TOPIC_ID, USER_ID) values (200, 'http://dummyimage.com/153x226.jpg/dddddd/000000', 'Cras pellentesque volutpat dui.', '2020-01-19 12:06:08', 71, 44);
