insert into USER (enabled, id, first_name, last_name, email, date_of_birth, authority, last_login, password, profile_picture) values (true, 1, 'Anett', 'Izhaky', 'agregont32@mit.edu9', '2001-02-28 22:34:55', 'ROLE_USER', '2020-07-14 07:36:43', 'jCvdLdRMPw', 'https://robohash.org/minusevenietdolor.png?size=50x50&set=set1');
insert into USER (enabled, id, first_name, last_name, email, date_of_birth, authority, last_login, password, profile_picture) values (true, 2, 'Shayla', 'Godsmark', 'sgodsmark1@wikipedia.org2', '2007-04-28 22:34:55', 'ROLE_USER', '2020-09-30 07:36:43', 'jCvdLdRMPw', 'https://robohash.org/quiadolorumnulla.bmp?size=50x50&set=set1');
insert into USER (enabled, id, first_name, last_name, email, date_of_birth, authority, last_login, password, profile_picture) values (true, 3, 'Rabbi', 'Polo', 'rpolo2@sina.com.cn3', '1997-12-01 18:18:13', 'ROLE_USER', '2020-07-29 05:00:30', 'FQpc29t87NmP', 'https://robohash.org/remuttenetur.bmp?size=50x50&set=set1');
insert into USER (enabled, id, first_name, last_name, email, date_of_birth, authority, last_login, password, profile_picture) values (true, 4, 'Gaspar', 'Fayter', 'gfayter3@amazon.com4', '1998-08-16 03:53:50', 'ROLE_USER', '2020-01-22 14:44:55', 'guT2DBmU5', 'https://robohash.org/adipisciexplicaboeius.bmp?size=50x50&set=set1');
insert into USER (enabled, id, first_name, last_name, email, date_of_birth, authority, last_login, password, profile_picture) values (true, 5, 'Gavra', 'Collick', 'gcollick4@dailymotion.com5', '2006-03-07 05:18:14', 'ROLE_USER', '2020-04-04 18:03:11', 'lJ5cBcYvidMS', 'https://robohash.org/nonvoluptatemvelit.jpg?size=50x50&set=set1');
insert into USER (enabled, id, first_name, last_name, email, date_of_birth, authority, last_login, password, profile_picture) values (true, 6, 'Florentia', 'Juris', 'fjuris5@free.fr6', '2007-07-08 15:09:13', 'ROLE_USER', '2020-08-30 19:45:08', '54FbSWjjkopd', 'https://robohash.org/sitteneturvoluptate.jpg?size=50x50&set=set1');
insert into USER (enabled, id, first_name, last_name, email, date_of_birth, authority, last_login, password, profile_picture) values (true, 7, 'Gordon', 'Warde', 'gwarde6@webmd.com7', '1999-04-09 02:37:21', 'ROLE_USER', '2019-12-20 05:35:30', 'ltP43teNl', 'https://robohash.org/quidemeaeos.jpg?size=50x50&set=set1');
insert into USER (enabled, id, first_name, last_name, email, date_of_birth, authority, last_login, password, profile_picture) values (true, 8, 'Zaccaria', 'Faulconbridge', 'zfaulconbridge7@zimbio.com8', '1995-08-24 00:24:19', 'ROLE_USER', '2020-01-06 05:55:51', 'OHIcqYIs', 'https://robohash.org/distinctioprovidentimpedit.bmp?size=50x50&set=set1');
insert into USER (enabled, id, first_name, last_name, email, date_of_birth, authority, last_login, password, profile_picture) values (true, 9, 'Mariam', 'Landreth', 'mlandreth8@mit.edu9', '1997-11-26 19:47:21', 'ROLE_USER', '2020-03-09 14:20:27', 'jl5Iwtf39lac', 'https://robohash.org/etvelaut.jpg?size=50x50&set=set1');
insert into USER (enabled, id, first_name, last_name, email, date_of_birth, authority, last_login, password, profile_picture) values (true, 10, 'Riannon', 'Beggin', 'rbeggin9@fastcompany.com10', '1995-04-23 15:43:17', 'ROLE_USER', '2019-12-27 09:55:05', 'faj1oRpfS', 'https://robohash.org/velitculpain.png?size=50x50&set=set1');
insert into USER (enabled, id, first_name, last_name, email, date_of_birth, authority, last_login, password, profile_picture) values (true, 11, 'Abeu', 'Merwood', 'amerwooda@nih.gov11', '2003-06-15 06:17:05', 'ROLE_USER', '2019-12-06 14:28:47', 'yijlEc', 'https://robohash.org/consequaturquismolestias.bmp?size=50x50&set=set1');
insert into USER (enabled, id, first_name, last_name, email, date_of_birth, authority, last_login, password, profile_picture) values (true, 12, 'Sawyer', 'Fredi', 'sfredib@jugem.jp12', '1999-05-30 02:57:12', 'ROLE_USER', '2020-04-16 10:25:25', 'cG13kWj0EDAA', 'https://robohash.org/oditteneturblanditiis.jpg?size=50x50&set=set1');
insert into USER (enabled, id, first_name, last_name, email, date_of_birth, authority, last_login, password, profile_picture) values (true, 13, 'Kit', 'Willshaw', 'kwillshawc@sphinn.com13', '2009-11-06 02:07:55', 'ROLE_USER', '2020-01-25 22:43:23', '8Ezcuus', 'https://robohash.org/quisipsumvoluptatum.jpg?size=50x50&set=set1');
insert into USER (enabled, id, first_name, last_name, email, date_of_birth, authority, last_login, password, profile_picture) values (true, 14, 'Cordie', 'Rankmore', 'crankmored@addtoany.com14', '2009-03-21 04:45:09', 'ROLE_USER', '2020-10-24 17:35:38', '8hyJUW6FgC', 'https://robohash.org/consecteturaliquidsint.jpg?size=50x50&set=set1');
insert into USER (enabled, id, first_name, last_name, email, date_of_birth, authority, last_login, password, profile_picture) values (true, 15, 'Felix', 'Atkirk', 'fatkirke@devhub.com15', '1992-10-04 18:17:08', 'ROLE_USER', '2020-09-19 15:14:21', '4baBXkFRY', 'https://robohash.org/dolorexplicabolaudantium.bmp?size=50x50&set=set1');
insert into USER (enabled, id, first_name, last_name, email, date_of_birth, authority, last_login, password, profile_picture) values (true, 16, 'Butch', 'Lambersen', 'blambersenf@weather.com16', '2009-12-27 19:04:40', 'ROLE_USER', '2020-05-02 23:32:45', 'UglTklnwgb', 'https://robohash.org/quietquam.bmp?size=50x50&set=set1');
insert into USER (enabled, id, first_name, last_name, email, date_of_birth, authority, last_login, password, profile_picture) values (true, 17, 'Anett', 'Zotto', 'azottog@berkeley.edu17', '1992-11-22 21:09:08', 'ROLE_USER', '2020-08-27 22:57:13', '7tsKysCBh', 'https://robohash.org/nonetet.jpg?size=50x50&set=set1');
insert into USER (enabled, id, first_name, last_name, email, date_of_birth, authority, last_login, password, profile_picture) values (true, 18, 'Rupert', 'Tinham', 'rtinhamh@who.int18', '1999-04-14 05:43:37', 'ROLE_USER', '2020-02-06 06:34:29', 'b6Cvx4', 'https://robohash.org/minusconsequaturut.bmp?size=50x50&set=set1');
insert into USER (enabled, id, first_name, last_name, email, date_of_birth, authority, last_login, password, profile_picture) values (true, 19, 'Ilario', 'Stearne', 'istearnei@google.es19', '1991-03-17 23:29:57', 'ROLE_USER', '2020-10-15 03:09:14', 'woCdEpPfYVO', 'https://robohash.org/idquovoluptatem.jpg?size=50x50&set=set1');
insert into USER (enabled, id, first_name, last_name, email, date_of_birth, authority, last_login, password, profile_picture) values (true, 20, 'Deidre', 'Prati', 'dpratij@mtv.com20', '1998-11-08 03:02:40', 'ROLE_USER', '2020-06-07 17:16:22', 'EAnR5ZzKZ', 'https://robohash.org/fugavoluptasquia.bmp?size=50x50&set=set1');
insert into USER (enabled, id, first_name, last_name, email, date_of_birth, authority, last_login, password, profile_picture) values (true, 21, 'Worth', 'Scrogges', 'wscroggesk@live.com21', '2004-06-05 12:45:17', 'ROLE_USER', '2020-08-28 19:37:15', 'UqI4FrH', 'https://robohash.org/magnirepudiandaenisi.jpg?size=50x50&set=set1');
insert into USER (enabled, id, first_name, last_name, email, date_of_birth, authority, last_login, password, profile_picture) values (true, 22, 'Kristine', 'Revens', 'krevensl@usda.gov22', '1997-02-19 19:32:41', 'ROLE_USER', '2020-06-06 22:22:53', 'HxFeERfE6p9', 'https://robohash.org/minusevenietdolor.png?size=50x50&set=set1');
insert into USER (enabled, id, first_name, last_name, email, date_of_birth, authority, last_login, password, profile_picture) values (true, 23, 'Allyn', 'Savage', 'asavagem@webnode.com23', '1997-08-24 08:36:42', 'ROLE_USER', '2020-05-18 04:10:14', 'RxsLnH', 'https://robohash.org/seddoloredolor.bmp?size=50x50&set=set1');
insert into USER (enabled, id, first_name, last_name, email, date_of_birth, authority, last_login, password, profile_picture) values (true, 24, 'Corrinne', 'Aubri', 'caubrin@nbcnews.com24', '1998-11-11 08:26:10', 'ROLE_USER', '2019-11-16 06:40:31', 'nrSDaP3L', 'https://robohash.org/itaqueexercitationemfacilis.bmp?size=50x50&set=set1');
insert into USER (enabled, id, first_name, last_name, email, date_of_birth, authority, last_login, password, profile_picture) values (true, 25, 'Wandis', 'Izhaky', 'wizhakyo@soup.io25', '2008-07-19 18:38:44', 'ROLE_USER', '2020-09-05 07:50:43', 'gF9dTUkv5w', 'https://robohash.org/officiacorporissoluta.jpg?size=50x50&set=set1');
insert into USER (enabled, id, first_name, last_name, email, date_of_birth, authority, last_login, password, profile_picture) values (true, 26, 'Cesaro', 'Salery', 'csaleryp@symantec.com26', '1997-12-05 16:03:41', 'ROLE_USER', '2020-02-01 23:29:09', 'M5Jg4N', 'https://robohash.org/molestiaedebitisratione.png?size=50x50&set=set1');
insert into USER (enabled, id, first_name, last_name, email, date_of_birth, authority, last_login, password, profile_picture) values (true, 27, 'Bert', 'Brakewell', 'bbrakewellq@comcast.net27', '2004-04-20 06:00:02', 'ROLE_USER', '2020-06-25 11:56:59', 'TPPAAgw7pTFi', 'https://robohash.org/laboreexiure.bmp?size=50x50&set=set1');
insert into USER (enabled, id, first_name, last_name, email, date_of_birth, authority, last_login, password, profile_picture) values (true, 28, 'Robinet', 'De Roberto', 'rderobertor@ask.com28', '1992-01-30 03:52:42', 'ROLE_USER', '2020-06-24 18:46:47', '7CQiJ2', 'https://robohash.org/omnisquiadolorum.jpg?size=50x50&set=set1');
insert into USER (enabled, id, first_name, last_name, email, date_of_birth, authority, last_login, password, profile_picture) values (true, 29, 'Reinaldo', 'Romeril', 'rromerils@xing.com29', '1997-03-31 22:07:10', 'ROLE_USER', '2020-04-01 01:47:57', 'hoK3O2M0', 'https://robohash.org/beataeimpeditreiciendis.png?size=50x50&set=set1');
insert into USER (enabled, id, first_name, last_name, email, date_of_birth, authority, last_login, password, profile_picture) values (true, 30, 'Arabel', 'Gregon', 'agregont@usnews.com30', '2001-05-31 01:02:34', 'ROLE_USER', '2020-05-25 12:19:58', '1PksoEWK', 'https://robohash.org/nostrumconsequaturquaerat.png?size=50x50&set=set1');
insert into USER (enabled, id, first_name, last_name, email, date_of_birth, authority, last_login, password, profile_picture) values (true, 31, 'Jacki', 'Spinke', 'jspinkeu@qq.com31', '1994-08-10 18:21:18', 'ROLE_USER', '2019-12-13 20:02:38', 'RpeKl4d', 'https://robohash.org/voluptatemteneturiste.png?size=50x50&set=set1');
insert into USER (enabled, id, first_name, last_name, email, date_of_birth, authority, last_login, password, profile_picture) values (true, 32, 'Bryce', 'Sayes', 'bsayesv@a8.net32', '1995-09-05 04:52:49', 'ROLE_USER', '2020-02-22 23:56:31', '4AwY1Ms58gc8', 'https://robohash.org/corporisquiid.png?size=50x50&set=set1');
insert into USER (enabled, id, first_name, last_name, email, date_of_birth, authority, last_login, password, profile_picture) values (true, 33, 'Elka', 'Waplington', 'ewaplingtonw@ft.com33', '2003-10-07 02:38:12', 'ROLE_USER', '2020-06-25 03:43:33', 'JN2XyWAQj', 'https://robohash.org/magnirerumrepellendus.bmp?size=50x50&set=set1');
insert into USER (enabled, id, first_name, last_name, email, date_of_birth, authority, last_login, password, profile_picture) values (true, 34, 'Wallie', 'Deetlefs', 'wdeetlefsx@bloglines.com34', '1998-04-17 08:16:53', 'ROLE_USER', '2020-10-26 08:26:55', 'n4mpNeRsBwXD', 'https://robohash.org/eaaspernaturest.bmp?size=50x50&set=set1');
insert into USER (enabled, id, first_name, last_name, email, date_of_birth, authority, last_login, password, profile_picture) values (true, 35, 'Haze', 'Pheazey', 'hpheazeyy@drupal.org35', '2008-03-01 01:55:23', 'ROLE_USER', '2020-04-17 00:57:43', 'AjAgD7SYzSor', 'https://robohash.org/veritatissedconsequatur.jpg?size=50x50&set=set1');
insert into USER (enabled, id, first_name, last_name, email, date_of_birth, authority, last_login, password, profile_picture) values (true, 36, 'Millie', 'Gittings', 'mgittingsz@simplemachines.org36', '2003-04-15 08:39:59', 'ROLE_USER', '2020-09-04 18:14:14', 'iq9s17', 'https://robohash.org/voluptatemveniamassumenda.bmp?size=50x50&set=set1');
insert into USER (enabled, id, first_name, last_name, email, date_of_birth, authority, last_login, password, profile_picture) values (true, 37, 'Yance', 'Olwen', 'yolwen10@dropbox.com37', '2007-05-14 13:49:09', 'ROLE_USER', '2020-04-04 19:02:19', '4x0uO4M6a5jq', 'https://robohash.org/quosutperspiciatis.png?size=50x50&set=set1');
insert into USER (enabled, id, first_name, last_name, email, date_of_birth, authority, last_login, password, profile_picture) values (true, 38, 'Alvin', 'Gillicuddy', 'agillicuddy11@engadget.com38', '1995-05-21 15:34:30', 'ROLE_USER', '2020-05-28 23:29:02', 'b39kJg7kEcOe', 'https://robohash.org/mollitiaquibusdamaspernatur.jpg?size=50x50&set=set1');
insert into USER (enabled, id, first_name, last_name, email, date_of_birth, authority, last_login, password, profile_picture) values (true, 39, 'Berti', 'Sharrock', 'bsharrock12@redcross.org39', '2010-01-20 02:32:15', 'ROLE_USER', '2020-03-14 18:17:29', '5C3SqWZFQy', 'https://robohash.org/evenietexcepturisint.png?size=50x50&set=set1');
insert into USER (enabled, id, first_name, last_name, email, date_of_birth, authority, last_login, password, profile_picture) values (true, 40, 'Andi', 'Bonnin', 'abonnin13@zimbio.com40', '2002-07-30 15:33:48', 'ROLE_USER', '2020-10-05 17:37:10', 'PzESCzNFl10', 'https://robohash.org/aetpraesentium.png?size=50x50&set=set1');
insert into USER (enabled, id, first_name, last_name, email, date_of_birth, authority, last_login, password, profile_picture) values (true, 41, 'Elijah', 'Veare', 'eveare14@wisc.edu41', '2008-07-02 22:13:21', 'ROLE_USER', '2019-11-30 05:57:09', 'j5rLoqzMDK', 'https://robohash.org/praesentiumexercitationemnam.png?size=50x50&set=set1');
insert into USER (enabled, id, first_name, last_name, email, date_of_birth, authority, last_login, password, profile_picture) values (true, 42, 'Edd', 'Kynder', 'ekynder15@unc.edu42', '1992-09-25 15:03:46', 'ROLE_USER', '2019-11-25 19:28:34', 'vbMies', 'https://robohash.org/utquislaudantium.bmp?size=50x50&set=set1');
insert into USER (enabled, id, first_name, last_name, email, date_of_birth, authority, last_login, password, profile_picture) values (true, 43, 'Katuscha', 'Rosendahl', 'krosendahl16@trellian.com43', '1994-06-15 23:54:52', 'ROLE_USER', '2020-02-18 11:12:34', '0uYcUkE', 'https://robohash.org/ducimusculpanumquam.png?size=50x50&set=set1');
insert into USER (enabled, id, first_name, last_name, email, date_of_birth, authority, last_login, password, profile_picture) values (true, 44, 'Steffie', 'Clague', 'sclague17@patch.com44', '2003-02-02 12:03:06', 'ROLE_USER', '2020-08-23 20:16:51', '2NjW28m', 'https://robohash.org/voluptasdolorummagnam.bmp?size=50x50&set=set1');
insert into USER (enabled, id, first_name, last_name, email, date_of_birth, authority, last_login, password, profile_picture) values (true, 45, 'Angy', 'Priddis', 'apriddis18@gravatar.com45', '2005-07-16 13:46:33', 'ROLE_USER', '2020-05-05 07:51:05', 'CS4Zky', 'https://robohash.org/hiceadeserunt.png?size=50x50&set=set1');
insert into USER (enabled, id, first_name, last_name, email, date_of_birth, authority, last_login, password, profile_picture) values (true, 46, 'Andeee', 'Dunkley', 'adunkley19@ifeng.com46', '1997-10-22 16:27:01', 'ROLE_USER', '2019-12-01 04:02:01', 'wJfOhH1RVmD', 'https://robohash.org/etofficiaat.png?size=50x50&set=set1');
insert into USER (enabled, id, first_name, last_name, email, date_of_birth, authority, last_login, password, profile_picture) values (true, 47, 'Delmar', 'Flancinbaum', 'dflancinbaum1a@spiegel.de47', '1994-04-06 03:01:01', 'ROLE_USER', '2020-09-24 17:16:27', 'wa60mY2ps2', 'https://robohash.org/voluptasdoloremquea.png?size=50x50&set=set1');
insert into USER (enabled, id, first_name, last_name, email, date_of_birth, authority, last_login, password, profile_picture) values (true, 48, 'Celestyna', 'Mulcock', 'cmulcock1b@blogspot.com48', '1991-09-04 19:12:12', 'ROLE_USER', '2020-07-05 22:45:40', '5rxyYyl', 'https://robohash.org/illumpraesentiumasperiores.jpg?size=50x50&set=set1');
insert into USER (enabled, id, first_name, last_name, email, date_of_birth, authority, last_login, password, profile_picture) values (true, 49, 'Nonna', 'Fair', 'nfair1c@example.com49', '2001-01-11 20:24:49', 'ROLE_USER', '2020-04-14 16:36:56', 'kSoyeGT71C5S', 'https://robohash.org/itaquerepudiandaevoluptatem.jpg?size=50x50&set=set1');
insert into USER (enabled, id, first_name, last_name, email, date_of_birth, authority, last_login, password, profile_picture) values (true, 50, 'Syman', 'Sheppard', 'ssheppard1d@europa.eu50', '2010-07-22 02:44:58', 'ROLE_USER', '2020-03-24 03:48:02', 'lW80zn', 'https://robohash.org/temporaquisquamid.png?size=50x50&set=set1');
insert into TOPIC (id, name, timestamp, user_id, description) values (1, 'Veribet1', '2019-12-20 20:04:03', 5, 'Quisque ut erat. Curabitur gravida nisi at nibh. In hac habitasse platea dictumst. Aliquam augue quam, sollicitudin vitae, consectetuer eget, rutrum at, lorem. Integer tincidunt ante vel ipsum. Praesent blandit lacinia erat. Vestibulum sed magna at nunc commodo placerat. Praesent blandit.');
insert into TOPIC (id, name, timestamp, user_id, description) values (2, 'Cardify2', '2020-11-01 15:05:06', 36, 'Morbi porttitor lorem id ligula. Suspendisse ornare consequat lectus. In est risus, auctor sed, tristique in, tempus sit amet, sem. Fusce consequat.');
insert into TOPIC (id, name, timestamp, user_id, description) values (3, 'Span3', '2020-07-23 15:13:52', 22, 'Morbi ut odio. Cras mi pede, malesuada in, imperdiet et, commodo vulputate, justo. In blandit ultrices enim. Lorem ipsum dolor sit amet, consectetuer adipiscing elit. Proin interdum mauris non ligula pellentesque ultrices. Phasellus id sapien in sapien iaculis congue. Vivamus metus arcu, adipiscing molestie, hendrerit at, vulputate vitae, nisl. Aenean lectus. Pellentesque eget nunc. Donec quis orci eget orci vehicula condimentum.');
insert into TOPIC (id, name, timestamp, user_id, description) values (4, 'Kanlam4', '2019-11-26 14:39:48', 7, 'Praesent blandit. Nam nulla. Integer pede justo, lacinia eget, tincidunt eget, tempus vel, pede. Morbi porttitor lorem id ligula. Suspendisse ornare consequat lectus. In est risus, auctor sed, tristique in, tempus sit amet, sem. Fusce consequat. Nulla nisl. Nunc nisl. Duis bibendum, felis sed interdum venenatis, turpis enim blandit mi, in porttitor pede justo eu massa.');
insert into TOPIC (id, name, timestamp, user_id, description) values (5, 'Ventosanzap5', '2020-10-27 19:31:46', 49, 'Integer ac leo. Pellentesque ultrices mattis odio. Donec vitae nisi. Nam ultrices, libero non mattis pulvinar, nulla pede ullamcorper augue, a suscipit nulla elit ac nulla. Sed vel enim sit amet nunc viverra dapibus. Nulla suscipit ligula in lacus. Curabitur at ipsum ac tellus semper interdum. Mauris ullamcorper purus sit amet nulla.');
insert into TOPIC (id, name, timestamp, user_id, description) values (6, 'Wrapsafe6', '2019-12-18 08:42:56', 40, 'Fusce consequat.');
insert into TOPIC (id, name, timestamp, user_id, description) values (7, 'Holdlamis7', '2020-02-23 00:52:44', 26, 'Nulla justo.');
insert into TOPIC (id, name, timestamp, user_id, description) values (8, 'Tresom8', '2019-12-18 10:50:26', 41, 'Quisque porta volutpat erat. Quisque erat eros, viverra eget, congue eget, semper rutrum, nulla. Nunc purus.');
insert into TOPIC (id, name, timestamp, user_id, description) values (9, 'Zoolab9', '2020-07-27 21:18:18', 22, 'In hac habitasse platea dictumst. Morbi vestibulum, velit id pretium iaculis, diam erat fermentum justo, nec condimentum neque sapien placerat ante. Nulla justo. Aliquam quis turpis eget elit sodales scelerisque. Mauris sit amet eros. Suspendisse accumsan tortor quis turpis. Sed ante. Vivamus tortor. Duis mattis egestas metus.');
insert into TOPIC (id, name, timestamp, user_id, description) values (10, 'Y-Solowarm10', '2020-04-26 22:55:08', 42, 'Nulla tempus. Vivamus in felis eu sapien cursus vestibulum. Proin eu mi. Nulla ac enim. In tempor, turpis nec euismod scelerisque, quam turpis adipiscing lorem, vitae mattis nibh ligula nec sem. Duis aliquam convallis nunc. Proin at turpis a pede posuere nonummy. Integer non velit. Donec diam neque, vestibulum eget, vulputate ut, ultrices vel, augue. Vestibulum ante ipsum primis in faucibus orci luctus et ultrices posuere cubilia Curae; Donec pharetra, magna vestibulum aliquet ultrices, erat tortor sollicitudin mi, sit amet lobortis sapien sapien non mi.');
insert into TOPIC (id, name, timestamp, user_id, description) values (11, 'Stim11', '2020-04-17 07:01:05', 19, 'Praesent blandit lacinia erat. Vestibulum sed magna at nunc commodo placerat. Praesent blandit. Nam nulla. Integer pede justo, lacinia eget, tincidunt eget, tempus vel, pede. Morbi porttitor lorem id ligula. Suspendisse ornare consequat lectus.');
insert into TOPIC (id, name, timestamp, user_id, description) values (12, 'Zontrax12', '2020-02-21 13:47:33', 41, 'Ut at dolor quis odio consequat varius. Integer ac leo. Pellentesque ultrices mattis odio. Donec vitae nisi. Nam ultrices, libero non mattis pulvinar, nulla pede ullamcorper augue, a suscipit nulla elit ac nulla. Sed vel enim sit amet nunc viverra dapibus. Nulla suscipit ligula in lacus. Curabitur at ipsum ac tellus semper interdum. Mauris ullamcorper purus sit amet nulla. Quisque arcu libero, rutrum ac, lobortis vel, dapibus at, diam.');
insert into TOPIC (id, name, timestamp, user_id, description) values (13, 'Wrapsafe13', '2020-04-10 04:28:47', 9, 'Proin leo odio, porttitor id, consequat in, consequat ut, nulla. Sed accumsan felis. Ut at dolor quis odio consequat varius. Integer ac leo. Pellentesque ultrices mattis odio.');
insert into TOPIC (id, name, timestamp, user_id, description) values (14, 'Cardify14', '2020-10-27 08:12:08', 25, 'Etiam vel augue. Vestibulum rutrum rutrum neque. Aenean auctor gravida sem. Praesent id massa id nisl venenatis lacinia. Aenean sit amet justo. Morbi ut odio.');
insert into TOPIC (id, name, timestamp, user_id, description) values (15, 'Sonair15', '2020-01-25 22:30:05', 8, 'Morbi vel lectus in quam fringilla rhoncus. Mauris enim leo, rhoncus sed, vestibulum sit amet, cursus id, turpis. Integer aliquet, massa id lobortis convallis, tortor risus dapibus augue, vel accumsan tellus nisi eu orci. Mauris lacinia sapien quis libero. Nullam sit amet turpis elementum ligula vehicula consequat. Morbi a ipsum. Integer a nibh. In quis justo.');
insert into TOPIC (id, name, timestamp, user_id, description) values (16, 'Konklux16', '2020-04-01 16:24:29', 14, 'Praesent lectus. Vestibulum quam sapien, varius ut, blandit non, interdum in, ante. Vestibulum ante ipsum primis in faucibus orci luctus et ultrices posuere cubilia Curae; Duis faucibus accumsan odio. Curabitur convallis. Duis consequat dui nec nisi volutpat eleifend. Donec ut dolor. Morbi vel lectus in quam fringilla rhoncus. Mauris enim leo, rhoncus sed, vestibulum sit amet, cursus id, turpis.');
insert into TOPIC (id, name, timestamp, user_id, description) values (17, 'Rank17', '2020-02-23 01:11:11', 31, 'Vivamus vestibulum sagittis sapien.');
insert into TOPIC (id, name, timestamp, user_id, description) values (18, 'Konklab18', '2020-08-29 01:15:41', 30, 'Curabitur convallis.');
insert into TOPIC (id, name, timestamp, user_id, description) values (19, 'Lotlux19', '2020-07-19 14:11:16', 16, 'Praesent blandit lacinia erat. Vestibulum sed magna at nunc commodo placerat. Praesent blandit. Nam nulla. Integer pede justo, lacinia eget, tincidunt eget, tempus vel, pede. Morbi porttitor lorem id ligula. Suspendisse ornare consequat lectus. In est risus, auctor sed, tristique in, tempus sit amet, sem. Fusce consequat.');
insert into TOPIC (id, name, timestamp, user_id, description) values (20, 'Alpha20', '2019-12-24 11:19:15', 50, 'Nulla justo. Aliquam quis turpis eget elit sodales scelerisque. Mauris sit amet eros. Suspendisse accumsan tortor quis turpis. Sed ante. Vivamus tortor. Duis mattis egestas metus. Aenean fermentum. Donec ut mauris eget massa tempor convallis. Nulla neque libero, convallis eget, eleifend luctus, ultricies eu, nibh.');
insert into TOPIC (id, name, timestamp, user_id, description) values (21, 'Greenlam21', '2020-03-29 06:19:16', 22, 'Nullam molestie nibh in lectus. Pellentesque at nulla. Suspendisse potenti. Cras in purus eu magna vulputate luctus. Cum sociis natoque penatibus et magnis dis parturient montes, nascetur ridiculus mus.');
insert into TOPIC (id, name, timestamp, user_id, description) values (22, 'Stim22', '2019-11-15 07:12:21', 21, 'Pellentesque viverra pede ac diam. Cras pellentesque volutpat dui.');
insert into TOPIC (id, name, timestamp, user_id, description) values (23, 'Namfix23', '2020-04-22 19:39:21', 26, 'In est risus, auctor sed, tristique in, tempus sit amet, sem. Fusce consequat. Nulla nisl. Nunc nisl. Duis bibendum, felis sed interdum venenatis, turpis enim blandit mi, in porttitor pede justo eu massa. Donec dapibus.');
insert into TOPIC (id, name, timestamp, user_id, description) values (24, 'Andalax24', '2019-11-25 11:15:51', 7, 'Etiam pretium iaculis justo. In hac habitasse platea dictumst. Etiam faucibus cursus urna.');
insert into TOPIC (id, name, timestamp, user_id, description) values (25, 'Otcom25', '2020-03-27 03:20:07', 45, 'Integer non velit. Donec diam neque, vestibulum eget, vulputate ut, ultrices vel, augue.');
insert into TOPIC (id, name, timestamp, user_id, description) values (26, 'Matsoft26', '2020-04-18 05:41:03', 5, 'Integer a nibh. In quis justo. Maecenas rhoncus aliquam lacus. Morbi quis tortor id nulla ultrices aliquet. Maecenas leo odio, condimentum id, luctus nec, molestie sed, justo. Pellentesque viverra pede ac diam. Cras pellentesque volutpat dui.');
insert into TOPIC (id, name, timestamp, user_id, description) values (27, 'Fix San27', '2020-08-25 14:02:02', 39, 'Pellentesque viverra pede ac diam. Cras pellentesque volutpat dui. Maecenas tristique, est et tempus semper, est quam pharetra magna, ac consequat metus sapien ut nunc. Vestibulum ante ipsum primis in faucibus orci luctus et ultrices posuere cubilia Curae; Mauris viverra diam vitae quam. Suspendisse potenti. Nullam porttitor lacus at turpis. Donec posuere metus vitae ipsum.');
insert into TOPIC (id, name, timestamp, user_id, description) values (28, 'Andalax28', '2020-07-11 20:38:11', 47, 'Vivamus vel nulla eget eros elementum pellentesque. Quisque porta volutpat erat. Quisque erat eros, viverra eget, congue eget, semper rutrum, nulla. Nunc purus. Phasellus in felis. Donec semper sapien a libero. Nam dui. Proin leo odio, porttitor id, consequat in, consequat ut, nulla.');
insert into TOPIC (id, name, timestamp, user_id, description) values (29, 'Rank29', '2020-06-01 13:48:31', 29, 'Maecenas pulvinar lobortis est. Phasellus sit amet erat. Nulla tempus. Vivamus in felis eu sapien cursus vestibulum. Proin eu mi. Nulla ac enim.');
insert into TOPIC (id, name, timestamp, user_id, description) values (30, 'Bitwolf30', '2020-04-15 19:05:32', 11, 'Praesent blandit. Nam nulla. Integer pede justo, lacinia eget, tincidunt eget, tempus vel, pede. Morbi porttitor lorem id ligula. Suspendisse ornare consequat lectus.');
insert into TOPIC (id, name, timestamp, user_id, description) values (31, 'Zontrax31', '2020-10-03 13:29:41', 38, 'Morbi odio odio, elementum eu, interdum eu, tincidunt in, leo. Maecenas pulvinar lobortis est. Phasellus sit amet erat. Nulla tempus. Vivamus in felis eu sapien cursus vestibulum. Proin eu mi. Nulla ac enim.');
insert into TOPIC (id, name, timestamp, user_id, description) values (32, 'Viva32', '2020-02-01 17:56:16', 40, 'Maecenas ut massa quis augue luctus tincidunt. Nulla mollis molestie lorem. Quisque ut erat. Curabitur gravida nisi at nibh.');
insert into TOPIC (id, name, timestamp, user_id, description) values (33, 'Zontrax33', '2020-07-10 06:25:58', 43, 'Sed vel enim sit amet nunc viverra dapibus. Nulla suscipit ligula in lacus.');
insert into TOPIC (id, name, timestamp, user_id, description) values (34, 'Kanlam34', '2020-10-04 22:44:29', 33, 'Nullam orci pede, venenatis non, sodales sed, tincidunt eu, felis.');
insert into TOPIC (id, name, timestamp, user_id, description) values (35, 'Mat Lam Tam35', '2020-08-01 10:10:55', 26, 'Lorem ipsum dolor sit amet, consectetuer adipiscing elit.');
insert into TOPIC (id, name, timestamp, user_id, description) values (36, 'Regrant36', '2020-04-11 10:24:45', 18, 'Vivamus in felis eu sapien cursus vestibulum. Proin eu mi. Nulla ac enim. In tempor, turpis nec euismod scelerisque, quam turpis adipiscing lorem, vitae mattis nibh ligula nec sem. Duis aliquam convallis nunc. Proin at turpis a pede posuere nonummy. Integer non velit. Donec diam neque, vestibulum eget, vulputate ut, ultrices vel, augue.');
insert into TOPIC (id, name, timestamp, user_id, description) values (37, 'Bamity37', '2020-05-19 09:39:55', 36, 'Duis mattis egestas metus. Aenean fermentum. Donec ut mauris eget massa tempor convallis. Nulla neque libero, convallis eget, eleifend luctus, ultricies eu, nibh. Quisque id justo sit amet sapien dignissim vestibulum. Vestibulum ante ipsum primis in faucibus orci luctus et ultrices posuere cubilia Curae; Nulla dapibus dolor vel est.');
insert into TOPIC (id, name, timestamp, user_id, description) values (38, 'Zamit38', '2020-05-22 00:32:54', 41, 'Nulla neque libero, convallis eget, eleifend luctus, ultricies eu, nibh.');
insert into TOPIC (id, name, timestamp, user_id, description) values (39, 'Home Ing39', '2020-09-11 21:21:22', 40, 'Fusce lacus purus, aliquet at, feugiat non, pretium quis, lectus. Suspendisse potenti. In eleifend quam a odio. In hac habitasse platea dictumst. Maecenas ut massa quis augue luctus tincidunt. Nulla mollis molestie lorem. Quisque ut erat. Curabitur gravida nisi at nibh. In hac habitasse platea dictumst. Aliquam augue quam, sollicitudin vitae, consectetuer eget, rutrum at, lorem.');
insert into TOPIC (id, name, timestamp, user_id, description) values (40, 'Namfix40', '2020-01-18 21:18:20', 13, 'Pellentesque ultrices mattis odio. Donec vitae nisi. Nam ultrices, libero non mattis pulvinar, nulla pede ullamcorper augue, a suscipit nulla elit ac nulla.');
insert into TOPIC (id, name, timestamp, user_id, description) values (41, 'Vagram41', '2020-01-19 18:43:20', 4, 'Maecenas leo odio, condimentum id, luctus nec, molestie sed, justo. Pellentesque viverra pede ac diam. Cras pellentesque volutpat dui. Maecenas tristique, est et tempus semper, est quam pharetra magna, ac consequat metus sapien ut nunc. Vestibulum ante ipsum primis in faucibus orci luctus et ultrices posuere cubilia Curae; Mauris viverra diam vitae quam. Suspendisse potenti. Nullam porttitor lacus at turpis. Donec posuere metus vitae ipsum.');
insert into TOPIC (id, name, timestamp, user_id, description) values (42, 'Redhold42', '2020-03-22 17:58:18', 7, 'Quisque erat eros, viverra eget, congue eget, semper rutrum, nulla. Nunc purus. Phasellus in felis. Donec semper sapien a libero. Nam dui. Proin leo odio, porttitor id, consequat in, consequat ut, nulla. Sed accumsan felis. Ut at dolor quis odio consequat varius. Integer ac leo. Pellentesque ultrices mattis odio.');
insert into TOPIC (id, name, timestamp, user_id, description) values (43, 'Greenlam43', '2019-11-09 20:48:01', 31, 'Donec dapibus. Duis at velit eu est congue elementum. In hac habitasse platea dictumst. Morbi vestibulum, velit id pretium iaculis, diam erat fermentum justo, nec condimentum neque sapien placerat ante. Nulla justo. Aliquam quis turpis eget elit sodales scelerisque.');
insert into TOPIC (id, name, timestamp, user_id, description) values (44, 'Quo Lux44', '2020-08-27 04:26:05', 13, 'Etiam vel augue. Vestibulum rutrum rutrum neque. Aenean auctor gravida sem. Praesent id massa id nisl venenatis lacinia. Aenean sit amet justo. Morbi ut odio. Cras mi pede, malesuada in, imperdiet et, commodo vulputate, justo.');
insert into TOPIC (id, name, timestamp, user_id, description) values (45, 'Lotlux45', '2020-08-26 21:36:57', 6, 'Fusce posuere felis sed lacus. Morbi sem mauris, laoreet ut, rhoncus aliquet, pulvinar sed, nisl. Nunc rhoncus dui vel sem. Sed sagittis. Nam congue, risus semper porta volutpat, quam pede lobortis ligula, sit amet eleifend pede libero quis orci. Nullam molestie nibh in lectus. Pellentesque at nulla. Suspendisse potenti. Cras in purus eu magna vulputate luctus. Cum sociis natoque penatibus et magnis dis parturient montes, nascetur ridiculus mus.');
insert into TOPIC (id, name, timestamp, user_id, description) values (46, 'Y-find46', '2020-10-28 02:38:24', 4, 'Duis at velit eu est congue elementum. In hac habitasse platea dictumst. Morbi vestibulum, velit id pretium iaculis, diam erat fermentum justo, nec condimentum neque sapien placerat ante. Nulla justo.');
insert into TOPIC (id, name, timestamp, user_id, description) values (47, 'Matsoft47', '2020-05-07 05:13:26', 44, 'Quisque erat eros, viverra eget, congue eget, semper rutrum, nulla. Nunc purus. Phasellus in felis. Donec semper sapien a libero. Nam dui. Proin leo odio, porttitor id, consequat in, consequat ut, nulla. Sed accumsan felis. Ut at dolor quis odio consequat varius. Integer ac leo. Pellentesque ultrices mattis odio.');
insert into TOPIC (id, name, timestamp, user_id, description) values (48, 'Toughjoyfax48', '2020-01-04 04:35:53', 44, 'Nulla tempus. Vivamus in felis eu sapien cursus vestibulum. Proin eu mi. Nulla ac enim. In tempor, turpis nec euismod scelerisque, quam turpis adipiscing lorem, vitae mattis nibh ligula nec sem. Duis aliquam convallis nunc. Proin at turpis a pede posuere nonummy. Integer non velit.');
insert into TOPIC (id, name, timestamp, user_id, description) values (49, 'Aerified49', '2020-09-29 01:09:46', 22, 'Nulla neque libero, convallis eget, eleifend luctus, ultricies eu, nibh. Quisque id justo sit amet sapien dignissim vestibulum. Vestibulum ante ipsum primis in faucibus orci luctus et ultrices posuere cubilia Curae; Nulla dapibus dolor vel est. Donec odio justo, sollicitudin ut, suscipit a, feugiat et, eros. Vestibulum ac est lacinia nisi venenatis tristique. Fusce congue, diam id ornare imperdiet, sapien urna pretium nisl, ut volutpat sapien arcu sed augue. Aliquam erat volutpat. In congue.');
insert into TOPIC (id, name, timestamp, user_id, description) values (50, 'Bamity50', '2019-12-31 18:26:13', 46, 'Proin leo odio, porttitor id, consequat in, consequat ut, nulla. Sed accumsan felis.');
insert into POST (id, file, text_content, timestamp, parent_topic_id, starter_post_id, user_id) values (1, 'Eu.avi', 'Sed ante. Vivamus tortor. Duis mattis egestas metus.', '2019-11-07 21:43:27', ifnull(select parent_topic_id from POST where id = @starter_post_id, FLOOR(RAND()*49+1)), null, 24);
insert into POST (id, file, text_content, timestamp, parent_topic_id, starter_post_id, user_id) values (2, 'EuEstCongue.txt', 'Proin interdum mauris non ligula pellentesque ultrices. Phasellus id sapien in sapien iaculis congue. Vivamus metus arcu, adipiscing molestie, hendrerit at, vulputate vitae, nisl.', '2019-11-15 22:41:03', ifnull(select parent_topic_id from POST where id = @starter_post_id, FLOOR(RAND()*49+1)), null, 27);
insert into POST (id, file, text_content, timestamp, parent_topic_id, starter_post_id, user_id) values (3, 'LaciniaNisiVenenatis.mpeg', 'Lorem ipsum dolor sit amet, consectetuer adipiscing elit. Proin risus. Praesent lectus.

Vestibulum quam sapien, varius ut, blandit non, interdum in, ante. Vestibulum ante ipsum primis in faucibus orci luctus et ultrices posuere cubilia Curae; Duis faucibus accumsan odio. Curabitur convallis.', '2020-05-17 19:41:34', ifnull(select parent_topic_id from POST where id = @starter_post_id, FLOOR(RAND()*49+1)), null, 47);
insert into POST (id, file, text_content, timestamp, parent_topic_id, starter_post_id, user_id) values (4, 'IpsumPrimis.avi', 'Curabitur gravida nisi at nibh. In hac habitasse platea dictumst. Aliquam augue quam, sollicitudin vitae, consectetuer eget, rutrum at, lorem.

Integer tincidunt ante vel ipsum. Praesent blandit lacinia erat. Vestibulum sed magna at nunc commodo placerat.

Praesent blandit. Nam nulla. Integer pede justo, lacinia eget, tincidunt eget, tempus vel, pede.', '2020-08-03 06:55:16', ifnull(select parent_topic_id from POST where id = @starter_post_id, FLOOR(RAND()*49+1)), null, 28);
insert into POST (id, file, text_content, timestamp, parent_topic_id, starter_post_id, user_id) values (5, 'Vivamus.avi', 'Phasellus in felis. Donec semper sapien a libero. Nam dui.

Proin leo odio, porttitor id, consequat in, consequat ut, nulla. Sed accumsan felis. Ut at dolor quis odio consequat varius.

Integer ac leo. Pellentesque ultrices mattis odio. Donec vitae nisi.', '2020-05-23 13:21:11', ifnull(select parent_topic_id from POST where id = @starter_post_id, FLOOR(RAND()*49+1)), null, 42);
insert into POST (id, file, text_content, timestamp, parent_topic_id, starter_post_id, user_id) values (6, 'Convallis.jpeg', 'Sed ante. Vivamus tortor. Duis mattis egestas metus.', '2019-12-15 00:03:03', ifnull(select parent_topic_id from POST where id = @starter_post_id, FLOOR(RAND()*49+1)), null, 26);
insert into POST (id, file, text_content, timestamp, parent_topic_id, starter_post_id, user_id) values (7, 'Ultrices.avi', 'Maecenas ut massa quis augue luctus tincidunt. Nulla mollis molestie lorem. Quisque ut erat.', '2020-05-09 20:41:27', ifnull(select parent_topic_id from POST where id = @starter_post_id, FLOOR(RAND()*49+1)), null, 8);
insert into POST (id, file, text_content, timestamp, parent_topic_id, starter_post_id, user_id) values (8, 'DonecVitaeNisi.pdf', 'In hac habitasse platea dictumst. Morbi vestibulum, velit id pretium iaculis, diam erat fermentum justo, nec condimentum neque sapien placerat ante. Nulla justo.', '2020-07-20 05:02:31', ifnull(select parent_topic_id from POST where id = @starter_post_id, FLOOR(RAND()*49+1)), null, 36);
insert into POST (id, file, text_content, timestamp, parent_topic_id, starter_post_id, user_id) values (9, 'Tincidunt.pdf', 'Nam ultrices, libero non mattis pulvinar, nulla pede ullamcorper augue, a suscipit nulla elit ac nulla. Sed vel enim sit amet nunc viverra dapibus. Nulla suscipit ligula in lacus.

Curabitur at ipsum ac tellus semper interdum. Mauris ullamcorper purus sit amet nulla. Quisque arcu libero, rutrum ac, lobortis vel, dapibus at, diam.', '2019-12-03 01:09:19', ifnull(select parent_topic_id from POST where id = @starter_post_id, FLOOR(RAND()*49+1)), null, 46);
insert into POST (id, file, text_content, timestamp, parent_topic_id, starter_post_id, user_id) values (10, 'NuncNisl.mp3', 'Cras non velit nec nisi vulputate nonummy. Maecenas tincidunt lacus at velit. Vivamus vel nulla eget eros elementum pellentesque.

Quisque porta volutpat erat. Quisque erat eros, viverra eget, congue eget, semper rutrum, nulla. Nunc purus.', '2020-10-07 14:29:23', ifnull(select parent_topic_id from POST where id = @starter_post_id, FLOOR(RAND()*49+1)), null, 2);
insert into POST (id, file, text_content, timestamp, parent_topic_id, starter_post_id, user_id) values (11, 'DuisBibendumFelis.avi', 'Curabitur in libero ut massa volutpat convallis. Morbi odio odio, elementum eu, interdum eu, tincidunt in, leo. Maecenas pulvinar lobortis est.

Phasellus sit amet erat. Nulla tempus. Vivamus in felis eu sapien cursus vestibulum.', '2020-10-15 23:52:38', ifnull(select parent_topic_id from POST where id = @starter_post_id, FLOOR(RAND()*49+1)), null, 32);
insert into POST (id, file, text_content, timestamp, parent_topic_id, starter_post_id, user_id) values (12, 'Pulvinar.tiff', 'In congue. Etiam justo. Etiam pretium iaculis justo.

In hac habitasse platea dictumst. Etiam faucibus cursus urna. Ut tellus.', '2020-09-15 03:46:49', ifnull(select parent_topic_id from POST where id = @starter_post_id, FLOOR(RAND()*49+1)), null, 2);
insert into POST (id, file, text_content, timestamp, parent_topic_id, starter_post_id, user_id) values (13, 'Tellus.jpeg', 'Integer ac leo. Pellentesque ultrices mattis odio. Donec vitae nisi.

Nam ultrices, libero non mattis pulvinar, nulla pede ullamcorper augue, a suscipit nulla elit ac nulla. Sed vel enim sit amet nunc viverra dapibus. Nulla suscipit ligula in lacus.

Curabitur at ipsum ac tellus semper interdum. Mauris ullamcorper purus sit amet nulla. Quisque arcu libero, rutrum ac, lobortis vel, dapibus at, diam.', '2020-05-05 22:05:23', ifnull(select parent_topic_id from POST where id = @starter_post_id, FLOOR(RAND()*49+1)), null, 37);
insert into POST (id, file, text_content, timestamp, parent_topic_id, starter_post_id, user_id) values (14, 'SapienVarius.tiff', 'Mauris enim leo, rhoncus sed, vestibulum sit amet, cursus id, turpis. Integer aliquet, massa id lobortis convallis, tortor risus dapibus augue, vel accumsan tellus nisi eu orci. Mauris lacinia sapien quis libero.

Nullam sit amet turpis elementum ligula vehicula consequat. Morbi a ipsum. Integer a nibh.

In quis justo. Maecenas rhoncus aliquam lacus. Morbi quis tortor id nulla ultrices aliquet.', '2019-11-19 03:10:18', ifnull(select parent_topic_id from POST where id = @starter_post_id, FLOOR(RAND()*49+1)), null, 5);
insert into POST (id, file, text_content, timestamp, parent_topic_id, starter_post_id, user_id) values (15, 'VelPede.ppt', 'Quisque porta volutpat erat. Quisque erat eros, viverra eget, congue eget, semper rutrum, nulla. Nunc purus.

Phasellus in felis. Donec semper sapien a libero. Nam dui.

Proin leo odio, porttitor id, consequat in, consequat ut, nulla. Sed accumsan felis. Ut at dolor quis odio consequat varius.', '2020-02-25 15:20:57', ifnull(select parent_topic_id from POST where id = @starter_post_id, FLOOR(RAND()*49+1)), null, 30);
insert into POST (id, file, text_content, timestamp, parent_topic_id, starter_post_id, user_id) values (16, 'In.xls', 'Duis bibendum. Morbi non quam nec dui luctus rutrum. Nulla tellus.', '2020-05-19 19:43:20', ifnull(select parent_topic_id from POST where id = @starter_post_id, FLOOR(RAND()*49+1)), null, 25);
insert into POST (id, file, text_content, timestamp, parent_topic_id, starter_post_id, user_id) values (17, 'TemporTurpisNec.avi', 'Nam ultrices, libero non mattis pulvinar, nulla pede ullamcorper augue, a suscipit nulla elit ac nulla. Sed vel enim sit amet nunc viverra dapibus. Nulla suscipit ligula in lacus.

Curabitur at ipsum ac tellus semper interdum. Mauris ullamcorper purus sit amet nulla. Quisque arcu libero, rutrum ac, lobortis vel, dapibus at, diam.', '2020-03-20 16:11:45', ifnull(select parent_topic_id from POST where id = @starter_post_id, FLOOR(RAND()*49+1)), null, 26);
insert into POST (id, file, text_content, timestamp, parent_topic_id, starter_post_id, user_id) values (18, 'EgetMassaTempor.avi', 'Duis bibendum, felis sed interdum venenatis, turpis enim blandit mi, in porttitor pede justo eu massa. Donec dapibus. Duis at velit eu est congue elementum.', '2020-02-19 21:54:24', ifnull(select parent_topic_id from POST where id = @starter_post_id, FLOOR(RAND()*49+1)), null, 33);
insert into POST (id, file, text_content, timestamp, parent_topic_id, starter_post_id, user_id) values (19, 'Euismod.gif', 'In quis justo. Maecenas rhoncus aliquam lacus. Morbi quis tortor id nulla ultrices aliquet.

Maecenas leo odio, condimentum id, luctus nec, molestie sed, justo. Pellentesque viverra pede ac diam. Cras pellentesque volutpat dui.

Maecenas tristique, est et tempus semper, est quam pharetra magna, ac consequat metus sapien ut nunc. Vestibulum ante ipsum primis in faucibus orci luctus et ultrices posuere cubilia Curae; Mauris viverra diam vitae quam. Suspendisse potenti.', '2020-06-26 08:42:44', ifnull(select parent_topic_id from POST where id = @starter_post_id, FLOOR(RAND()*49+1)), null, 39);
insert into POST (id, file, text_content, timestamp, parent_topic_id, starter_post_id, user_id) values (20, 'AcEst.pdf', 'Vestibulum quam sapien, varius ut, blandit non, interdum in, ante. Vestibulum ante ipsum primis in faucibus orci luctus et ultrices posuere cubilia Curae; Duis faucibus accumsan odio. Curabitur convallis.', '2020-06-26 16:32:56', ifnull(select parent_topic_id from POST where id = @starter_post_id, FLOOR(RAND()*49+1)), null, 25);
insert into POST (id, file, text_content, timestamp, parent_topic_id, starter_post_id, user_id) values (21, 'Volutpat.ppt', 'Vestibulum ac est lacinia nisi venenatis tristique. Fusce congue, diam id ornare imperdiet, sapien urna pretium nisl, ut volutpat sapien arcu sed augue. Aliquam erat volutpat.', '2020-01-01 19:21:13', ifnull(select parent_topic_id from POST where id = @starter_post_id, FLOOR(RAND()*49+1)), null, 49);
insert into POST (id, file, text_content, timestamp, parent_topic_id, starter_post_id, user_id) values (22, 'TurpisAPede.xls', 'Duis aliquam convallis nunc. Proin at turpis a pede posuere nonummy. Integer non velit.', '2020-03-28 04:31:23', ifnull(select parent_topic_id from POST where id = @starter_post_id, FLOOR(RAND()*49+1)), null, 48);
insert into POST (id, file, text_content, timestamp, parent_topic_id, starter_post_id, user_id) values (23, 'InLacus.ppt', 'Nulla ut erat id mauris vulputate elementum. Nullam varius. Nulla facilisi.

Cras non velit nec nisi vulputate nonummy. Maecenas tincidunt lacus at velit. Vivamus vel nulla eget eros elementum pellentesque.', '2020-08-04 17:13:55', ifnull(select parent_topic_id from POST where id = @starter_post_id, FLOOR(RAND()*49+1)), null, 45);
insert into POST (id, file, text_content, timestamp, parent_topic_id, starter_post_id, user_id) values (24, 'Aenean.xls', 'Nullam sit amet turpis elementum ligula vehicula consequat. Morbi a ipsum. Integer a nibh.

In quis justo. Maecenas rhoncus aliquam lacus. Morbi quis tortor id nulla ultrices aliquet.', '2020-01-06 00:12:08', ifnull(select parent_topic_id from POST where id = @starter_post_id, FLOOR(RAND()*49+1)), null, 34);
insert into POST (id, file, text_content, timestamp, parent_topic_id, starter_post_id, user_id) values (25, 'Nisl.tiff', 'In hac habitasse platea dictumst. Morbi vestibulum, velit id pretium iaculis, diam erat fermentum justo, nec condimentum neque sapien placerat ante. Nulla justo.', '2019-11-27 13:43:25', ifnull(select parent_topic_id from POST where id = @starter_post_id, FLOOR(RAND()*49+1)), null, 7);
insert into POST (id, file, text_content, timestamp, parent_topic_id, starter_post_id, user_id) values (26, 'Ligula.tiff', 'Pellentesque at nulla. Suspendisse potenti. Cras in purus eu magna vulputate luctus.', '2020-03-07 07:23:16', ifnull(select parent_topic_id from POST where id = @starter_post_id, FLOOR(RAND()*49+1)), null, 32);
insert into POST (id, file, text_content, timestamp, parent_topic_id, starter_post_id, user_id) values (27, 'Nec.tiff', 'Aliquam quis turpis eget elit sodales scelerisque. Mauris sit amet eros. Suspendisse accumsan tortor quis turpis.', '2020-05-16 19:04:10', ifnull(select parent_topic_id from POST where id = @starter_post_id, FLOOR(RAND()*49+1)), null, 11);
insert into POST (id, file, text_content, timestamp, parent_topic_id, starter_post_id, user_id) values (28, 'Eros.mp3', 'Duis consequat dui nec nisi volutpat eleifend. Donec ut dolor. Morbi vel lectus in quam fringilla rhoncus.

Mauris enim leo, rhoncus sed, vestibulum sit amet, cursus id, turpis. Integer aliquet, massa id lobortis convallis, tortor risus dapibus augue, vel accumsan tellus nisi eu orci. Mauris lacinia sapien quis libero.', '2020-08-03 13:19:58', ifnull(select parent_topic_id from POST where id = @starter_post_id, FLOOR(RAND()*49+1)), null, 33);
insert into POST (id, file, text_content, timestamp, parent_topic_id, starter_post_id, user_id) values (29, 'UtMassa.avi', 'Pellentesque at nulla. Suspendisse potenti. Cras in purus eu magna vulputate luctus.

Cum sociis natoque penatibus et magnis dis parturient montes, nascetur ridiculus mus. Vivamus vestibulum sagittis sapien. Cum sociis natoque penatibus et magnis dis parturient montes, nascetur ridiculus mus.

Etiam vel augue. Vestibulum rutrum rutrum neque. Aenean auctor gravida sem.', '2020-09-16 02:43:04', ifnull(select parent_topic_id from POST where id = @starter_post_id, FLOOR(RAND()*49+1)), null, 5);
insert into POST (id, file, text_content, timestamp, parent_topic_id, starter_post_id, user_id) values (30, 'LiberoUt.xls', 'In hac habitasse platea dictumst. Morbi vestibulum, velit id pretium iaculis, diam erat fermentum justo, nec condimentum neque sapien placerat ante. Nulla justo.

Aliquam quis turpis eget elit sodales scelerisque. Mauris sit amet eros. Suspendisse accumsan tortor quis turpis.

Sed ante. Vivamus tortor. Duis mattis egestas metus.', '2019-11-30 13:35:48', ifnull(select parent_topic_id from POST where id = @starter_post_id, FLOOR(RAND()*49+1)), null, 33);
insert into POST (id, file, text_content, timestamp, parent_topic_id, starter_post_id, user_id) values (31, 'AliquamErat.avi', 'Mauris enim leo, rhoncus sed, vestibulum sit amet, cursus id, turpis. Integer aliquet, massa id lobortis convallis, tortor risus dapibus augue, vel accumsan tellus nisi eu orci. Mauris lacinia sapien quis libero.

Nullam sit amet turpis elementum ligula vehicula consequat. Morbi a ipsum. Integer a nibh.

In quis justo. Maecenas rhoncus aliquam lacus. Morbi quis tortor id nulla ultrices aliquet.', '2020-05-06 02:16:02', ifnull(select parent_topic_id from POST where id = @starter_post_id, FLOOR(RAND()*49+1)), null, 7);
insert into POST (id, file, text_content, timestamp, parent_topic_id, starter_post_id, user_id) values (32, 'MorbiNon.ppt', 'Morbi porttitor lorem id ligula. Suspendisse ornare consequat lectus. In est risus, auctor sed, tristique in, tempus sit amet, sem.', '2020-02-13 04:53:13', ifnull(select parent_topic_id from POST where id = @starter_post_id, FLOOR(RAND()*49+1)), null, 20);
insert into POST (id, file, text_content, timestamp, parent_topic_id, starter_post_id, user_id) values (33, 'PraesentBlandit.txt', 'Aenean fermentum. Donec ut mauris eget massa tempor convallis. Nulla neque libero, convallis eget, eleifend luctus, ultricies eu, nibh.

Quisque id justo sit amet sapien dignissim vestibulum. Vestibulum ante ipsum primis in faucibus orci luctus et ultrices posuere cubilia Curae; Nulla dapibus dolor vel est. Donec odio justo, sollicitudin ut, suscipit a, feugiat et, eros.

Vestibulum ac est lacinia nisi venenatis tristique. Fusce congue, diam id ornare imperdiet, sapien urna pretium nisl, ut volutpat sapien arcu sed augue. Aliquam erat volutpat.', '2020-08-01 10:49:12', ifnull(select parent_topic_id from POST where id = @starter_post_id, FLOOR(RAND()*49+1)), null, 39);
insert into POST (id, file, text_content, timestamp, parent_topic_id, starter_post_id, user_id) values (34, 'EratTortor.ppt', 'Curabitur in libero ut massa volutpat convallis. Morbi odio odio, elementum eu, interdum eu, tincidunt in, leo. Maecenas pulvinar lobortis est.

Phasellus sit amet erat. Nulla tempus. Vivamus in felis eu sapien cursus vestibulum.

Proin eu mi. Nulla ac enim. In tempor, turpis nec euismod scelerisque, quam turpis adipiscing lorem, vitae mattis nibh ligula nec sem.', '2020-01-09 12:52:54', ifnull(select parent_topic_id from POST where id = @starter_post_id, FLOOR(RAND()*49+1)), null, 27);
insert into POST (id, file, text_content, timestamp, parent_topic_id, starter_post_id, user_id) values (35, 'Potenti.tiff', 'Pellentesque at nulla. Suspendisse potenti. Cras in purus eu magna vulputate luctus.', '2019-11-14 04:45:42', ifnull(select parent_topic_id from POST where id = @starter_post_id, FLOOR(RAND()*49+1)), null, 11);
insert into POST (id, file, text_content, timestamp, parent_topic_id, starter_post_id, user_id) values (36, 'Cubilia.xls', 'Sed ante. Vivamus tortor. Duis mattis egestas metus.', '2019-12-02 13:40:42', ifnull(select parent_topic_id from POST where id = @starter_post_id, FLOOR(RAND()*49+1)), null, 41);
insert into POST (id, file, text_content, timestamp, parent_topic_id, starter_post_id, user_id) values (37, 'SitAmetJusto.mp3', 'Quisque porta volutpat erat. Quisque erat eros, viverra eget, congue eget, semper rutrum, nulla. Nunc purus.

Phasellus in felis. Donec semper sapien a libero. Nam dui.

Proin leo odio, porttitor id, consequat in, consequat ut, nulla. Sed accumsan felis. Ut at dolor quis odio consequat varius.', '2020-03-03 22:04:22', ifnull(select parent_topic_id from POST where id = @starter_post_id, FLOOR(RAND()*49+1)), null, 47);
insert into POST (id, file, text_content, timestamp, parent_topic_id, starter_post_id, user_id) values (38, 'EratFermentum.avi', 'In hac habitasse platea dictumst. Morbi vestibulum, velit id pretium iaculis, diam erat fermentum justo, nec condimentum neque sapien placerat ante. Nulla justo.

Aliquam quis turpis eget elit sodales scelerisque. Mauris sit amet eros. Suspendisse accumsan tortor quis turpis.

Sed ante. Vivamus tortor. Duis mattis egestas metus.', '2020-05-21 05:30:58', ifnull(select parent_topic_id from POST where id = @starter_post_id, FLOOR(RAND()*49+1)), null, 29);
insert into POST (id, file, text_content, timestamp, parent_topic_id, starter_post_id, user_id) values (39, 'VolutpatEleifend.ppt', 'Duis bibendum, felis sed interdum venenatis, turpis enim blandit mi, in porttitor pede justo eu massa. Donec dapibus. Duis at velit eu est congue elementum.', '2019-11-15 10:39:12', ifnull(select parent_topic_id from POST where id = @starter_post_id, FLOOR(RAND()*49+1)), null, 44);
insert into POST (id, file, text_content, timestamp, parent_topic_id, starter_post_id, user_id) values (40, 'AnteIpsumPrimis.mp3', 'Duis consequat dui nec nisi volutpat eleifend. Donec ut dolor. Morbi vel lectus in quam fringilla rhoncus.

Mauris enim leo, rhoncus sed, vestibulum sit amet, cursus id, turpis. Integer aliquet, massa id lobortis convallis, tortor risus dapibus augue, vel accumsan tellus nisi eu orci. Mauris lacinia sapien quis libero.', '2020-10-25 07:59:31', ifnull(select parent_topic_id from POST where id = @starter_post_id, FLOOR(RAND()*49+1)), null, 19);
insert into POST (id, file, text_content, timestamp, parent_topic_id, starter_post_id, user_id) values (41, 'AtIpsumAc.jpeg', 'Fusce posuere felis sed lacus. Morbi sem mauris, laoreet ut, rhoncus aliquet, pulvinar sed, nisl. Nunc rhoncus dui vel sem.

Sed sagittis. Nam congue, risus semper porta volutpat, quam pede lobortis ligula, sit amet eleifend pede libero quis orci. Nullam molestie nibh in lectus.

Pellentesque at nulla. Suspendisse potenti. Cras in purus eu magna vulputate luctus.', '2020-02-10 14:56:20', ifnull(select parent_topic_id from POST where id = @starter_post_id, FLOOR(RAND()*49+1)), null, 9);
insert into POST (id, file, text_content, timestamp, parent_topic_id, starter_post_id, user_id) values (42, 'BlanditMiIn.gif', 'Cras non velit nec nisi vulputate nonummy. Maecenas tincidunt lacus at velit. Vivamus vel nulla eget eros elementum pellentesque.

Quisque porta volutpat erat. Quisque erat eros, viverra eget, congue eget, semper rutrum, nulla. Nunc purus.', '2019-11-10 18:26:32', ifnull(select parent_topic_id from POST where id = @starter_post_id, FLOOR(RAND()*49+1)), null, 10);
insert into POST (id, file, text_content, timestamp, parent_topic_id, starter_post_id, user_id) values (43, 'EtiamJusto.avi', 'Pellentesque at nulla. Suspendisse potenti. Cras in purus eu magna vulputate luctus.

Cum sociis natoque penatibus et magnis dis parturient montes, nascetur ridiculus mus. Vivamus vestibulum sagittis sapien. Cum sociis natoque penatibus et magnis dis parturient montes, nascetur ridiculus mus.

Etiam vel augue. Vestibulum rutrum rutrum neque. Aenean auctor gravida sem.', '2020-08-10 03:27:13', ifnull(select parent_topic_id from POST where id = @starter_post_id, FLOOR(RAND()*49+1)), null, 46);
insert into POST (id, file, text_content, timestamp, parent_topic_id, starter_post_id, user_id) values (44, 'EtCommodoVulputate.xls', 'In sagittis dui vel nisl. Duis ac nibh. Fusce lacus purus, aliquet at, feugiat non, pretium quis, lectus.', '2020-09-06 15:34:08', ifnull(select parent_topic_id from POST where id = @starter_post_id, FLOOR(RAND()*49+1)), null, 40);
insert into POST (id, file, text_content, timestamp, parent_topic_id, starter_post_id, user_id) values (45, 'CongueElementum.gif', 'Maecenas leo odio, condimentum id, luctus nec, molestie sed, justo. Pellentesque viverra pede ac diam. Cras pellentesque volutpat dui.', '2020-03-16 06:05:18', ifnull(select parent_topic_id from POST where id = @starter_post_id, FLOOR(RAND()*49+1)), null, 46);
insert into POST (id, file, text_content, timestamp, parent_topic_id, starter_post_id, user_id) values (46, 'TellusNisiEu.mp3', 'Aliquam quis turpis eget elit sodales scelerisque. Mauris sit amet eros. Suspendisse accumsan tortor quis turpis.

Sed ante. Vivamus tortor. Duis mattis egestas metus.

Aenean fermentum. Donec ut mauris eget massa tempor convallis. Nulla neque libero, convallis eget, eleifend luctus, ultricies eu, nibh.', '2020-05-13 03:16:56', ifnull(select parent_topic_id from POST where id = @starter_post_id, FLOOR(RAND()*49+1)), null, 33);
insert into POST (id, file, text_content, timestamp, parent_topic_id, starter_post_id, user_id) values (47, 'FaucibusAccumsan.avi', 'Sed ante. Vivamus tortor. Duis mattis egestas metus.', '2020-07-13 05:08:46', ifnull(select parent_topic_id from POST where id = @starter_post_id, FLOOR(RAND()*49+1)), null, 13);
insert into POST (id, file, text_content, timestamp, parent_topic_id, starter_post_id, user_id) values (48, 'Ut.ppt', 'Curabitur in libero ut massa volutpat convallis. Morbi odio odio, elementum eu, interdum eu, tincidunt in, leo. Maecenas pulvinar lobortis est.

Phasellus sit amet erat. Nulla tempus. Vivamus in felis eu sapien cursus vestibulum.

Proin eu mi. Nulla ac enim. In tempor, turpis nec euismod scelerisque, quam turpis adipiscing lorem, vitae mattis nibh ligula nec sem.', '2020-08-01 01:52:55', ifnull(select parent_topic_id from POST where id = @starter_post_id, FLOOR(RAND()*49+1)), null, 5);
insert into POST (id, file, text_content, timestamp, parent_topic_id, starter_post_id, user_id) values (49, 'QuamPedeLobortis.gif', 'Maecenas ut massa quis augue luctus tincidunt. Nulla mollis molestie lorem. Quisque ut erat.

Curabitur gravida nisi at nibh. In hac habitasse platea dictumst. Aliquam augue quam, sollicitudin vitae, consectetuer eget, rutrum at, lorem.', '2020-06-04 23:58:34', ifnull(select parent_topic_id from POST where id = @starter_post_id, FLOOR(RAND()*49+1)), null, 37);
insert into POST (id, file, text_content, timestamp, parent_topic_id, starter_post_id, user_id) values (50, 'ScelerisqueQuam.mov', 'Duis consequat dui nec nisi volutpat eleifend. Donec ut dolor. Morbi vel lectus in quam fringilla rhoncus.', '2020-05-08 02:54:11', ifnull(select parent_topic_id from POST where id = @starter_post_id, FLOOR(RAND()*49+1)), null, 46);
insert into POST (id, file, text_content, timestamp, parent_topic_id, starter_post_id, user_id) values (51, 'VitaeIpsum.ppt', 'Proin interdum mauris non ligula pellentesque ultrices. Phasellus id sapien in sapien iaculis congue. Vivamus metus arcu, adipiscing molestie, hendrerit at, vulputate vitae, nisl.

Aenean lectus. Pellentesque eget nunc. Donec quis orci eget orci vehicula condimentum.', '2020-10-20 20:30:21', ifnull(select parent_topic_id from POST where id = @starter_post_id, FLOOR(RAND()*49+1)), null, 18);
insert into POST (id, file, text_content, timestamp, parent_topic_id, starter_post_id, user_id) values (52, 'NamDuiProin.ppt', 'Maecenas tristique, est et tempus semper, est quam pharetra magna, ac consequat metus sapien ut nunc. Vestibulum ante ipsum primis in faucibus orci luctus et ultrices posuere cubilia Curae; Mauris viverra diam vitae quam. Suspendisse potenti.

Nullam porttitor lacus at turpis. Donec posuere metus vitae ipsum. Aliquam non mauris.

Morbi non lectus. Aliquam sit amet diam in magna bibendum imperdiet. Nullam orci pede, venenatis non, sodales sed, tincidunt eu, felis.', '2019-12-28 15:31:29', ifnull(select parent_topic_id from POST where id = @starter_post_id, FLOOR(RAND()*49+1)), null, 28);
insert into POST (id, file, text_content, timestamp, parent_topic_id, starter_post_id, user_id) values (53, 'HacHabitasse.xls', 'In sagittis dui vel nisl. Duis ac nibh. Fusce lacus purus, aliquet at, feugiat non, pretium quis, lectus.

Suspendisse potenti. In eleifend quam a odio. In hac habitasse platea dictumst.

Maecenas ut massa quis augue luctus tincidunt. Nulla mollis molestie lorem. Quisque ut erat.', '2020-07-05 19:38:54', ifnull(select parent_topic_id from POST where id = @starter_post_id, FLOOR(RAND()*49+1)), null, 20);
insert into POST (id, file, text_content, timestamp, parent_topic_id, starter_post_id, user_id) values (54, 'EuNibh.avi', 'Praesent id massa id nisl venenatis lacinia. Aenean sit amet justo. Morbi ut odio.', '2020-10-31 20:04:03', ifnull(select parent_topic_id from POST where id = @starter_post_id, FLOOR(RAND()*49+1)), null, 40);
insert into POST (id, file, text_content, timestamp, parent_topic_id, starter_post_id, user_id) values (55, 'Mi.avi', 'Praesent id massa id nisl venenatis lacinia. Aenean sit amet justo. Morbi ut odio.', '2020-07-30 19:25:23', ifnull(select parent_topic_id from POST where id = @starter_post_id, FLOOR(RAND()*49+1)), null, 26);
insert into POST (id, file, text_content, timestamp, parent_topic_id, starter_post_id, user_id) values (56, 'VariusNullaFacilisi.avi', 'Nullam sit amet turpis elementum ligula vehicula consequat. Morbi a ipsum. Integer a nibh.

In quis justo. Maecenas rhoncus aliquam lacus. Morbi quis tortor id nulla ultrices aliquet.

Maecenas leo odio, condimentum id, luctus nec, molestie sed, justo. Pellentesque viverra pede ac diam. Cras pellentesque volutpat dui.', '2020-02-16 22:47:16', ifnull(select parent_topic_id from POST where id = @starter_post_id, FLOOR(RAND()*49+1)), null, 7);
insert into POST (id, file, text_content, timestamp, parent_topic_id, starter_post_id, user_id) values (57, 'ErosVestibulum.doc', 'Maecenas leo odio, condimentum id, luctus nec, molestie sed, justo. Pellentesque viverra pede ac diam. Cras pellentesque volutpat dui.', '2020-04-18 23:45:31', ifnull(select parent_topic_id from POST where id = @starter_post_id, FLOOR(RAND()*49+1)), null, 36);
insert into POST (id, file, text_content, timestamp, parent_topic_id, starter_post_id, user_id) values (58, 'SodalesScelerisque.xls', 'Vestibulum ac est lacinia nisi venenatis tristique. Fusce congue, diam id ornare imperdiet, sapien urna pretium nisl, ut volutpat sapien arcu sed augue. Aliquam erat volutpat.

In congue. Etiam justo. Etiam pretium iaculis justo.

In hac habitasse platea dictumst. Etiam faucibus cursus urna. Ut tellus.', '2020-05-29 02:01:35', ifnull(select parent_topic_id from POST where id = @starter_post_id, FLOOR(RAND()*49+1)), null, 7);
insert into POST (id, file, text_content, timestamp, parent_topic_id, starter_post_id, user_id) values (59, 'VitaeConsectetuer.mp3', 'Cras non velit nec nisi vulputate nonummy. Maecenas tincidunt lacus at velit. Vivamus vel nulla eget eros elementum pellentesque.

Quisque porta volutpat erat. Quisque erat eros, viverra eget, congue eget, semper rutrum, nulla. Nunc purus.

Phasellus in felis. Donec semper sapien a libero. Nam dui.', '2020-09-26 22:23:02', ifnull(select parent_topic_id from POST where id = @starter_post_id, FLOOR(RAND()*49+1)), null, 11);
insert into POST (id, file, text_content, timestamp, parent_topic_id, starter_post_id, user_id) values (60, 'NasceturRidiculusMus.png', 'Integer tincidunt ante vel ipsum. Praesent blandit lacinia erat. Vestibulum sed magna at nunc commodo placerat.', '2020-07-06 15:23:26', ifnull(select parent_topic_id from POST where id = @starter_post_id, FLOOR(RAND()*49+1)), null, 38);
insert into POST (id, file, text_content, timestamp, parent_topic_id, starter_post_id, user_id) values (61, 'ConvallisEgetEleifend.ppt', 'Nullam porttitor lacus at turpis. Donec posuere metus vitae ipsum. Aliquam non mauris.

Morbi non lectus. Aliquam sit amet diam in magna bibendum imperdiet. Nullam orci pede, venenatis non, sodales sed, tincidunt eu, felis.', '2020-05-14 22:21:58', ifnull(select parent_topic_id from POST where id = @starter_post_id, FLOOR(RAND()*49+1)), null, 34);
insert into POST (id, file, text_content, timestamp, parent_topic_id, starter_post_id, user_id) values (62, 'TristiqueTortorEu.gif', 'Maecenas leo odio, condimentum id, luctus nec, molestie sed, justo. Pellentesque viverra pede ac diam. Cras pellentesque volutpat dui.', '2020-07-14 10:42:31', ifnull(select parent_topic_id from POST where id = @starter_post_id, FLOOR(RAND()*49+1)), null, 19);
insert into POST (id, file, text_content, timestamp, parent_topic_id, starter_post_id, user_id) values (63, 'MiInteger.gif', 'Duis bibendum, felis sed interdum venenatis, turpis enim blandit mi, in porttitor pede justo eu massa. Donec dapibus. Duis at velit eu est congue elementum.

In hac habitasse platea dictumst. Morbi vestibulum, velit id pretium iaculis, diam erat fermentum justo, nec condimentum neque sapien placerat ante. Nulla justo.

Aliquam quis turpis eget elit sodales scelerisque. Mauris sit amet eros. Suspendisse accumsan tortor quis turpis.', '2020-10-05 09:49:50', ifnull(select parent_topic_id from POST where id = @starter_post_id, FLOOR(RAND()*49+1)), null, 32);
insert into POST (id, file, text_content, timestamp, parent_topic_id, starter_post_id, user_id) values (64, 'Rhoncus.xls', 'Maecenas tristique, est et tempus semper, est quam pharetra magna, ac consequat metus sapien ut nunc. Vestibulum ante ipsum primis in faucibus orci luctus et ultrices posuere cubilia Curae; Mauris viverra diam vitae quam. Suspendisse potenti.

Nullam porttitor lacus at turpis. Donec posuere metus vitae ipsum. Aliquam non mauris.

Morbi non lectus. Aliquam sit amet diam in magna bibendum imperdiet. Nullam orci pede, venenatis non, sodales sed, tincidunt eu, felis.', '2020-05-24 15:26:50', ifnull(select parent_topic_id from POST where id = @starter_post_id, FLOOR(RAND()*49+1)), null, 29);
insert into POST (id, file, text_content, timestamp, parent_topic_id, starter_post_id, user_id) values (65, 'MattisNibhLigula.pdf', 'Cras non velit nec nisi vulputate nonummy. Maecenas tincidunt lacus at velit. Vivamus vel nulla eget eros elementum pellentesque.', '2020-09-24 12:49:58', ifnull(select parent_topic_id from POST where id = @starter_post_id, FLOOR(RAND()*49+1)), null, 20);
insert into POST (id, file, text_content, timestamp, parent_topic_id, starter_post_id, user_id) values (66, 'IntegerAcLeo.jpeg', 'Maecenas leo odio, condimentum id, luctus nec, molestie sed, justo. Pellentesque viverra pede ac diam. Cras pellentesque volutpat dui.

Maecenas tristique, est et tempus semper, est quam pharetra magna, ac consequat metus sapien ut nunc. Vestibulum ante ipsum primis in faucibus orci luctus et ultrices posuere cubilia Curae; Mauris viverra diam vitae quam. Suspendisse potenti.

Nullam porttitor lacus at turpis. Donec posuere metus vitae ipsum. Aliquam non mauris.', '2020-06-22 11:18:33', ifnull(select parent_topic_id from POST where id = @starter_post_id, FLOOR(RAND()*49+1)), null, 40);
insert into POST (id, file, text_content, timestamp, parent_topic_id, starter_post_id, user_id) values (67, 'EnimBlandit.xls', 'Sed sagittis. Nam congue, risus semper porta volutpat, quam pede lobortis ligula, sit amet eleifend pede libero quis orci. Nullam molestie nibh in lectus.

Pellentesque at nulla. Suspendisse potenti. Cras in purus eu magna vulputate luctus.', '2020-08-20 14:39:25', ifnull(select parent_topic_id from POST where id = @starter_post_id, FLOOR(RAND()*49+1)), null, 18);
insert into POST (id, file, text_content, timestamp, parent_topic_id, starter_post_id, user_id) values (68, 'Morbi.tiff', 'Nam ultrices, libero non mattis pulvinar, nulla pede ullamcorper augue, a suscipit nulla elit ac nulla. Sed vel enim sit amet nunc viverra dapibus. Nulla suscipit ligula in lacus.

Curabitur at ipsum ac tellus semper interdum. Mauris ullamcorper purus sit amet nulla. Quisque arcu libero, rutrum ac, lobortis vel, dapibus at, diam.', '2020-06-28 06:47:21', ifnull(select parent_topic_id from POST where id = @starter_post_id, FLOOR(RAND()*49+1)), null, 34);
insert into POST (id, file, text_content, timestamp, parent_topic_id, starter_post_id, user_id) values (69, 'NonVelit.txt', 'Quisque porta volutpat erat. Quisque erat eros, viverra eget, congue eget, semper rutrum, nulla. Nunc purus.

Phasellus in felis. Donec semper sapien a libero. Nam dui.

Proin leo odio, porttitor id, consequat in, consequat ut, nulla. Sed accumsan felis. Ut at dolor quis odio consequat varius.', '2020-02-14 06:02:45', ifnull(select parent_topic_id from POST where id = @starter_post_id, FLOOR(RAND()*49+1)), null, 2);
insert into POST (id, file, text_content, timestamp, parent_topic_id, starter_post_id, user_id) values (70, 'Tellus.xls', 'Donec diam neque, vestibulum eget, vulputate ut, ultrices vel, augue. Vestibulum ante ipsum primis in faucibus orci luctus et ultrices posuere cubilia Curae; Donec pharetra, magna vestibulum aliquet ultrices, erat tortor sollicitudin mi, sit amet lobortis sapien sapien non mi. Integer ac neque.

Duis bibendum. Morbi non quam nec dui luctus rutrum. Nulla tellus.

In sagittis dui vel nisl. Duis ac nibh. Fusce lacus purus, aliquet at, feugiat non, pretium quis, lectus.', '2020-02-24 22:28:40', ifnull(select parent_topic_id from POST where id = @starter_post_id, FLOOR(RAND()*49+1)), null, 28);
insert into POST (id, file, text_content, timestamp, parent_topic_id, starter_post_id, user_id) values (71, 'SuspendissePotentiNullam.txt', 'Duis bibendum. Morbi non quam nec dui luctus rutrum. Nulla tellus.', '2019-12-23 11:56:26', ifnull(select parent_topic_id from POST where id = @starter_post_id, FLOOR(RAND()*49+1)), null, 10);
insert into POST (id, file, text_content, timestamp, parent_topic_id, starter_post_id, user_id) values (72, 'JustoEu.gif', 'Maecenas leo odio, condimentum id, luctus nec, molestie sed, justo. Pellentesque viverra pede ac diam. Cras pellentesque volutpat dui.', '2020-02-19 23:25:03', ifnull(select parent_topic_id from POST where id = @starter_post_id, FLOOR(RAND()*49+1)), null, 32);
insert into POST (id, file, text_content, timestamp, parent_topic_id, starter_post_id, user_id) values (73, 'Consectetuer.avi', 'Aenean lectus. Pellentesque eget nunc. Donec quis orci eget orci vehicula condimentum.

Curabitur in libero ut massa volutpat convallis. Morbi odio odio, elementum eu, interdum eu, tincidunt in, leo. Maecenas pulvinar lobortis est.', '2020-09-21 17:50:43', ifnull(select parent_topic_id from POST where id = @starter_post_id, FLOOR(RAND()*49+1)), null, 33);
insert into POST (id, file, text_content, timestamp, parent_topic_id, starter_post_id, user_id) values (74, 'IpsumPrimisIn.png', 'Maecenas ut massa quis augue luctus tincidunt. Nulla mollis molestie lorem. Quisque ut erat.

Curabitur gravida nisi at nibh. In hac habitasse platea dictumst. Aliquam augue quam, sollicitudin vitae, consectetuer eget, rutrum at, lorem.

Integer tincidunt ante vel ipsum. Praesent blandit lacinia erat. Vestibulum sed magna at nunc commodo placerat.', '2020-09-07 23:58:47', ifnull(select parent_topic_id from POST where id = @starter_post_id, FLOOR(RAND()*49+1)), null, 50);
insert into POST (id, file, text_content, timestamp, parent_topic_id, starter_post_id, user_id) values (75, 'Erat.ppt', 'In congue. Etiam justo. Etiam pretium iaculis justo.', '2020-02-17 15:26:43', ifnull(select parent_topic_id from POST where id = @starter_post_id, FLOOR(RAND()*49+1)), null, 25);
insert into POST (id, file, text_content, timestamp, parent_topic_id, starter_post_id, user_id) values (76, 'SedVel.ppt', 'Sed ante. Vivamus tortor. Duis mattis egestas metus.

Aenean fermentum. Donec ut mauris eget massa tempor convallis. Nulla neque libero, convallis eget, eleifend luctus, ultricies eu, nibh.', '2020-06-09 14:44:59', ifnull(select parent_topic_id from POST where id = @starter_post_id, FLOOR(RAND()*49+1)), null, 40);
insert into POST (id, file, text_content, timestamp, parent_topic_id, starter_post_id, user_id) values (77, 'Lectus.doc', 'In sagittis dui vel nisl. Duis ac nibh. Fusce lacus purus, aliquet at, feugiat non, pretium quis, lectus.', '2020-01-12 09:03:22', ifnull(select parent_topic_id from POST where id = @starter_post_id, FLOOR(RAND()*49+1)), null, 48);
insert into POST (id, file, text_content, timestamp, parent_topic_id, starter_post_id, user_id) values (78, 'Non.xls', 'In quis justo. Maecenas rhoncus aliquam lacus. Morbi quis tortor id nulla ultrices aliquet.

Maecenas leo odio, condimentum id, luctus nec, molestie sed, justo. Pellentesque viverra pede ac diam. Cras pellentesque volutpat dui.', '2020-05-12 21:11:13', ifnull(select parent_topic_id from POST where id = @starter_post_id, FLOOR(RAND()*49+1)), null, 40);
insert into POST (id, file, text_content, timestamp, parent_topic_id, starter_post_id, user_id) values (79, 'Ipsum.mp3', 'Praesent id massa id nisl venenatis lacinia. Aenean sit amet justo. Morbi ut odio.

Cras mi pede, malesuada in, imperdiet et, commodo vulputate, justo. In blandit ultrices enim. Lorem ipsum dolor sit amet, consectetuer adipiscing elit.', '2019-12-09 05:19:18', ifnull(select parent_topic_id from POST where id = @starter_post_id, FLOOR(RAND()*49+1)), null, 10);
insert into POST (id, file, text_content, timestamp, parent_topic_id, starter_post_id, user_id) values (80, 'SedAnte.doc', 'Nullam porttitor lacus at turpis. Donec posuere metus vitae ipsum. Aliquam non mauris.

Morbi non lectus. Aliquam sit amet diam in magna bibendum imperdiet. Nullam orci pede, venenatis non, sodales sed, tincidunt eu, felis.', '2020-04-15 02:45:50', ifnull(select parent_topic_id from POST where id = @starter_post_id, FLOOR(RAND()*49+1)), null, 34);
insert into POST (id, file, text_content, timestamp, parent_topic_id, starter_post_id, user_id) values (81, 'Semper.mp3', 'Phasellus sit amet erat. Nulla tempus. Vivamus in felis eu sapien cursus vestibulum.', '2020-07-02 11:05:55', ifnull(select parent_topic_id from POST where id = @starter_post_id, FLOOR(RAND()*49+1)), null, 33);
insert into POST (id, file, text_content, timestamp, parent_topic_id, starter_post_id, user_id) values (82, 'JustoSit.gif', 'Suspendisse potenti. In eleifend quam a odio. In hac habitasse platea dictumst.

Maecenas ut massa quis augue luctus tincidunt. Nulla mollis molestie lorem. Quisque ut erat.

Curabitur gravida nisi at nibh. In hac habitasse platea dictumst. Aliquam augue quam, sollicitudin vitae, consectetuer eget, rutrum at, lorem.', '2020-04-11 10:25:58', ifnull(select parent_topic_id from POST where id = @starter_post_id, FLOOR(RAND()*49+1)), null, 4);
insert into POST (id, file, text_content, timestamp, parent_topic_id, starter_post_id, user_id) values (83, 'Velit.xls', 'In hac habitasse platea dictumst. Morbi vestibulum, velit id pretium iaculis, diam erat fermentum justo, nec condimentum neque sapien placerat ante. Nulla justo.

Aliquam quis turpis eget elit sodales scelerisque. Mauris sit amet eros. Suspendisse accumsan tortor quis turpis.

Sed ante. Vivamus tortor. Duis mattis egestas metus.', '2020-04-15 14:38:15', ifnull(select parent_topic_id from POST where id = @starter_post_id, FLOOR(RAND()*49+1)), null, 12);
insert into POST (id, file, text_content, timestamp, parent_topic_id, starter_post_id, user_id) values (84, 'LuctusUltriciesEu.mov', 'Lorem ipsum dolor sit amet, consectetuer adipiscing elit. Proin risus. Praesent lectus.', '2020-02-26 03:39:21', ifnull(select parent_topic_id from POST where id = @starter_post_id, FLOOR(RAND()*49+1)), null, 17);
insert into POST (id, file, text_content, timestamp, parent_topic_id, starter_post_id, user_id) values (85, 'CongueDiamId.ppt', 'Praesent id massa id nisl venenatis lacinia. Aenean sit amet justo. Morbi ut odio.

Cras mi pede, malesuada in, imperdiet et, commodo vulputate, justo. In blandit ultrices enim. Lorem ipsum dolor sit amet, consectetuer adipiscing elit.', '2020-02-21 16:39:40', ifnull(select parent_topic_id from POST where id = @starter_post_id, FLOOR(RAND()*49+1)), null, 18);
insert into POST (id, file, text_content, timestamp, parent_topic_id, starter_post_id, user_id) values (86, 'Vel.avi', 'Duis bibendum. Morbi non quam nec dui luctus rutrum. Nulla tellus.

In sagittis dui vel nisl. Duis ac nibh. Fusce lacus purus, aliquet at, feugiat non, pretium quis, lectus.

Suspendisse potenti. In eleifend quam a odio. In hac habitasse platea dictumst.', '2019-11-06 22:18:44', ifnull(select parent_topic_id from POST where id = @starter_post_id, FLOOR(RAND()*49+1)), null, 40);
insert into POST (id, file, text_content, timestamp, parent_topic_id, starter_post_id, user_id) values (87, 'SedVelEnim.xls', 'In hac habitasse platea dictumst. Morbi vestibulum, velit id pretium iaculis, diam erat fermentum justo, nec condimentum neque sapien placerat ante. Nulla justo.

Aliquam quis turpis eget elit sodales scelerisque. Mauris sit amet eros. Suspendisse accumsan tortor quis turpis.', '2019-11-19 17:43:04', ifnull(select parent_topic_id from POST where id = @starter_post_id, FLOOR(RAND()*49+1)), null, 20);
insert into POST (id, file, text_content, timestamp, parent_topic_id, starter_post_id, user_id) values (88, 'CuraeNulla.mp3', 'Maecenas ut massa quis augue luctus tincidunt. Nulla mollis molestie lorem. Quisque ut erat.

Curabitur gravida nisi at nibh. In hac habitasse platea dictumst. Aliquam augue quam, sollicitudin vitae, consectetuer eget, rutrum at, lorem.', '2020-03-06 14:27:17', ifnull(select parent_topic_id from POST where id = @starter_post_id, FLOOR(RAND()*49+1)), null, 11);
insert into POST (id, file, text_content, timestamp, parent_topic_id, starter_post_id, user_id) values (89, 'Vivamus.avi', 'Vestibulum quam sapien, varius ut, blandit non, interdum in, ante. Vestibulum ante ipsum primis in faucibus orci luctus et ultrices posuere cubilia Curae; Duis faucibus accumsan odio. Curabitur convallis.

Duis consequat dui nec nisi volutpat eleifend. Donec ut dolor. Morbi vel lectus in quam fringilla rhoncus.', '2019-12-11 05:49:05', ifnull(select parent_topic_id from POST where id = @starter_post_id, FLOOR(RAND()*49+1)), null, 12);
insert into POST (id, file, text_content, timestamp, parent_topic_id, starter_post_id, user_id) values (90, 'AugueVestibulumRutrum.avi', 'Aenean fermentum. Donec ut mauris eget massa tempor convallis. Nulla neque libero, convallis eget, eleifend luctus, ultricies eu, nibh.

Quisque id justo sit amet sapien dignissim vestibulum. Vestibulum ante ipsum primis in faucibus orci luctus et ultrices posuere cubilia Curae; Nulla dapibus dolor vel est. Donec odio justo, sollicitudin ut, suscipit a, feugiat et, eros.

Vestibulum ac est lacinia nisi venenatis tristique. Fusce congue, diam id ornare imperdiet, sapien urna pretium nisl, ut volutpat sapien arcu sed augue. Aliquam erat volutpat.', '2019-12-15 19:20:56', ifnull(select parent_topic_id from POST where id = @starter_post_id, FLOOR(RAND()*49+1)), null, 38);
insert into POST (id, file, text_content, timestamp, parent_topic_id, starter_post_id, user_id) values (91, 'Consequat.gif', 'Quisque id justo sit amet sapien dignissim vestibulum. Vestibulum ante ipsum primis in faucibus orci luctus et ultrices posuere cubilia Curae; Nulla dapibus dolor vel est. Donec odio justo, sollicitudin ut, suscipit a, feugiat et, eros.

Vestibulum ac est lacinia nisi venenatis tristique. Fusce congue, diam id ornare imperdiet, sapien urna pretium nisl, ut volutpat sapien arcu sed augue. Aliquam erat volutpat.

In congue. Etiam justo. Etiam pretium iaculis justo.', '2020-10-25 13:34:45', ifnull(select parent_topic_id from POST where id = @starter_post_id, FLOOR(RAND()*49+1)), null, 45);
insert into POST (id, file, text_content, timestamp, parent_topic_id, starter_post_id, user_id) values (92, 'Duis.ppt', 'Lorem ipsum dolor sit amet, consectetuer adipiscing elit. Proin risus. Praesent lectus.', '2019-12-15 21:41:41', ifnull(select parent_topic_id from POST where id = @starter_post_id, FLOOR(RAND()*49+1)), null, 6);
insert into POST (id, file, text_content, timestamp, parent_topic_id, starter_post_id, user_id) values (93, 'AmetLobortis.avi', 'Lorem ipsum dolor sit amet, consectetuer adipiscing elit. Proin risus. Praesent lectus.

Vestibulum quam sapien, varius ut, blandit non, interdum in, ante. Vestibulum ante ipsum primis in faucibus orci luctus et ultrices posuere cubilia Curae; Duis faucibus accumsan odio. Curabitur convallis.

Duis consequat dui nec nisi volutpat eleifend. Donec ut dolor. Morbi vel lectus in quam fringilla rhoncus.', '2020-03-04 03:28:38', ifnull(select parent_topic_id from POST where id = @starter_post_id, FLOOR(RAND()*49+1)), null, 32);
insert into POST (id, file, text_content, timestamp, parent_topic_id, starter_post_id, user_id) values (94, 'Quis.tiff', 'Praesent blandit. Nam nulla. Integer pede justo, lacinia eget, tincidunt eget, tempus vel, pede.

Morbi porttitor lorem id ligula. Suspendisse ornare consequat lectus. In est risus, auctor sed, tristique in, tempus sit amet, sem.

Fusce consequat. Nulla nisl. Nunc nisl.', '2020-05-26 21:33:12', ifnull(select parent_topic_id from POST where id = @starter_post_id, FLOOR(RAND()*49+1)), null, 22);
insert into POST (id, file, text_content, timestamp, parent_topic_id, starter_post_id, user_id) values (95, 'CommodoPlaceratPraesent.mp3', 'Praesent blandit. Nam nulla. Integer pede justo, lacinia eget, tincidunt eget, tempus vel, pede.

Morbi porttitor lorem id ligula. Suspendisse ornare consequat lectus. In est risus, auctor sed, tristique in, tempus sit amet, sem.', '2020-05-16 15:50:28', ifnull(select parent_topic_id from POST where id = @starter_post_id, FLOOR(RAND()*49+1)), null, 49);
insert into POST (id, file, text_content, timestamp, parent_topic_id, starter_post_id, user_id) values (96, 'A.mov', 'Duis aliquam convallis nunc. Proin at turpis a pede posuere nonummy. Integer non velit.

Donec diam neque, vestibulum eget, vulputate ut, ultrices vel, augue. Vestibulum ante ipsum primis in faucibus orci luctus et ultrices posuere cubilia Curae; Donec pharetra, magna vestibulum aliquet ultrices, erat tortor sollicitudin mi, sit amet lobortis sapien sapien non mi. Integer ac neque.

Duis bibendum. Morbi non quam nec dui luctus rutrum. Nulla tellus.', '2020-09-03 05:24:15', ifnull(select parent_topic_id from POST where id = @starter_post_id, FLOOR(RAND()*49+1)), null, 35);
insert into POST (id, file, text_content, timestamp, parent_topic_id, starter_post_id, user_id) values (97, 'Sociis.gif', 'Phasellus sit amet erat. Nulla tempus. Vivamus in felis eu sapien cursus vestibulum.

Proin eu mi. Nulla ac enim. In tempor, turpis nec euismod scelerisque, quam turpis adipiscing lorem, vitae mattis nibh ligula nec sem.

Duis aliquam convallis nunc. Proin at turpis a pede posuere nonummy. Integer non velit.', '2020-02-01 01:31:18', ifnull(select parent_topic_id from POST where id = @starter_post_id, FLOOR(RAND()*49+1)), null, 4);
insert into POST (id, file, text_content, timestamp, parent_topic_id, starter_post_id, user_id) values (98, 'DonecVitae.xls', 'Proin leo odio, porttitor id, consequat in, consequat ut, nulla. Sed accumsan felis. Ut at dolor quis odio consequat varius.

Integer ac leo. Pellentesque ultrices mattis odio. Donec vitae nisi.

Nam ultrices, libero non mattis pulvinar, nulla pede ullamcorper augue, a suscipit nulla elit ac nulla. Sed vel enim sit amet nunc viverra dapibus. Nulla suscipit ligula in lacus.', '2020-02-09 12:21:43', ifnull(select parent_topic_id from POST where id = @starter_post_id, FLOOR(RAND()*49+1)), null, 26);
insert into POST (id, file, text_content, timestamp, parent_topic_id, starter_post_id, user_id) values (99, 'Mattis.xls', 'Aenean lectus. Pellentesque eget nunc. Donec quis orci eget orci vehicula condimentum.', '2020-05-27 07:09:29', ifnull(select parent_topic_id from POST where id = @starter_post_id, FLOOR(RAND()*49+1)), null, 15);
insert into POST (id, file, text_content, timestamp, parent_topic_id, starter_post_id, user_id) values (100, 'JustoInBlandit.ppt', 'In sagittis dui vel nisl. Duis ac nibh. Fusce lacus purus, aliquet at, feugiat non, pretium quis, lectus.

Suspendisse potenti. In eleifend quam a odio. In hac habitasse platea dictumst.

Maecenas ut massa quis augue luctus tincidunt. Nulla mollis molestie lorem. Quisque ut erat.', '2020-06-10 02:36:37', ifnull(select parent_topic_id from POST where id = @starter_post_id, FLOOR(RAND()*49+1)), null, 20);
insert into POST (id, file, text_content, timestamp, parent_topic_id, starter_post_id, user_id) values (101, 'PosuereMetus.xls', 'Vestibulum quam sapien, varius ut, blandit non, interdum in, ante. Vestibulum ante ipsum primis in faucibus orci luctus et ultrices posuere cubilia Curae; Duis faucibus accumsan odio. Curabitur convallis.

Duis consequat dui nec nisi volutpat eleifend. Donec ut dolor. Morbi vel lectus in quam fringilla rhoncus.', '2020-04-09 19:04:12', ifnull(select parent_topic_id from POST where id = @starter_post_id, FLOOR(RAND()*49+1)), null, 35);
insert into POST (id, file, text_content, timestamp, parent_topic_id, starter_post_id, user_id) values (102, 'Ut.ppt', 'Duis bibendum. Morbi non quam nec dui luctus rutrum. Nulla tellus.', '2019-12-30 00:58:56', ifnull(select parent_topic_id from POST where id = @starter_post_id, FLOOR(RAND()*49+1)), null, 10);
insert into POST (id, file, text_content, timestamp, parent_topic_id, starter_post_id, user_id) values (103, 'DiamErat.pdf', 'Duis bibendum. Morbi non quam nec dui luctus rutrum. Nulla tellus.

In sagittis dui vel nisl. Duis ac nibh. Fusce lacus purus, aliquet at, feugiat non, pretium quis, lectus.', '2019-11-05 19:08:21', ifnull(select parent_topic_id from POST where id = @starter_post_id, FLOOR(RAND()*49+1)), null, 37);
insert into POST (id, file, text_content, timestamp, parent_topic_id, starter_post_id, user_id) values (104, 'MolestieSed.mp3', 'Phasellus in felis. Donec semper sapien a libero. Nam dui.', '2020-03-14 03:05:56', ifnull(select parent_topic_id from POST where id = @starter_post_id, FLOOR(RAND()*49+1)), null, 20);
insert into POST (id, file, text_content, timestamp, parent_topic_id, starter_post_id, user_id) values (105, 'VestibulumProin.mp3', 'Duis aliquam convallis nunc. Proin at turpis a pede posuere nonummy. Integer non velit.

Donec diam neque, vestibulum eget, vulputate ut, ultrices vel, augue. Vestibulum ante ipsum primis in faucibus orci luctus et ultrices posuere cubilia Curae; Donec pharetra, magna vestibulum aliquet ultrices, erat tortor sollicitudin mi, sit amet lobortis sapien sapien non mi. Integer ac neque.', '2019-12-17 23:39:29', ifnull(select parent_topic_id from POST where id = @starter_post_id, FLOOR(RAND()*49+1)), null, 43);
insert into POST (id, file, text_content, timestamp, parent_topic_id, starter_post_id, user_id) values (106, 'Pretium.avi', 'Etiam vel augue. Vestibulum rutrum rutrum neque. Aenean auctor gravida sem.

Praesent id massa id nisl venenatis lacinia. Aenean sit amet justo. Morbi ut odio.

Cras mi pede, malesuada in, imperdiet et, commodo vulputate, justo. In blandit ultrices enim. Lorem ipsum dolor sit amet, consectetuer adipiscing elit.', '2020-05-29 10:10:49', ifnull(select parent_topic_id from POST where id = @starter_post_id, FLOOR(RAND()*49+1)), null, 41);
insert into POST (id, file, text_content, timestamp, parent_topic_id, starter_post_id, user_id) values (107, 'DolorSitAmet.avi', 'Fusce posuere felis sed lacus. Morbi sem mauris, laoreet ut, rhoncus aliquet, pulvinar sed, nisl. Nunc rhoncus dui vel sem.

Sed sagittis. Nam congue, risus semper porta volutpat, quam pede lobortis ligula, sit amet eleifend pede libero quis orci. Nullam molestie nibh in lectus.

Pellentesque at nulla. Suspendisse potenti. Cras in purus eu magna vulputate luctus.', '2020-03-04 22:36:33', ifnull(select parent_topic_id from POST where id = @starter_post_id, FLOOR(RAND()*49+1)), null, 16);
insert into POST (id, file, text_content, timestamp, parent_topic_id, starter_post_id, user_id) values (108, 'NamCongueRisus.xls', 'Fusce consequat. Nulla nisl. Nunc nisl.', '2020-02-07 21:39:51', ifnull(select parent_topic_id from POST where id = @starter_post_id, FLOOR(RAND()*49+1)), null, 20);
insert into POST (id, file, text_content, timestamp, parent_topic_id, starter_post_id, user_id) values (109, 'Sapien.mp3', 'Mauris enim leo, rhoncus sed, vestibulum sit amet, cursus id, turpis. Integer aliquet, massa id lobortis convallis, tortor risus dapibus augue, vel accumsan tellus nisi eu orci. Mauris lacinia sapien quis libero.

Nullam sit amet turpis elementum ligula vehicula consequat. Morbi a ipsum. Integer a nibh.', '2020-05-14 06:52:30', ifnull(select parent_topic_id from POST where id = @starter_post_id, FLOOR(RAND()*49+1)), null, 30);
insert into POST (id, file, text_content, timestamp, parent_topic_id, starter_post_id, user_id) values (110, 'IpsumAc.mp3', 'Nullam sit amet turpis elementum ligula vehicula consequat. Morbi a ipsum. Integer a nibh.', '2020-10-29 14:36:37', ifnull(select parent_topic_id from POST where id = @starter_post_id, FLOOR(RAND()*49+1)), null, 25);
insert into POST (id, file, text_content, timestamp, parent_topic_id, starter_post_id, user_id) values (111, 'TemporTurpisNec.mpeg', 'Aliquam quis turpis eget elit sodales scelerisque. Mauris sit amet eros. Suspendisse accumsan tortor quis turpis.

Sed ante. Vivamus tortor. Duis mattis egestas metus.', '2020-02-29 09:04:53', ifnull(select parent_topic_id from POST where id = @starter_post_id, FLOOR(RAND()*49+1)), null, 41);
insert into POST (id, file, text_content, timestamp, parent_topic_id, starter_post_id, user_id) values (112, 'EleifendQuamA.avi', 'Suspendisse potenti. In eleifend quam a odio. In hac habitasse platea dictumst.', '2020-01-14 14:49:48', ifnull(select parent_topic_id from POST where id = @starter_post_id, FLOOR(RAND()*49+1)), null, 23);
insert into POST (id, file, text_content, timestamp, parent_topic_id, starter_post_id, user_id) values (113, 'HacHabitasse.ppt', 'Quisque id justo sit amet sapien dignissim vestibulum. Vestibulum ante ipsum primis in faucibus orci luctus et ultrices posuere cubilia Curae; Nulla dapibus dolor vel est. Donec odio justo, sollicitudin ut, suscipit a, feugiat et, eros.

Vestibulum ac est lacinia nisi venenatis tristique. Fusce congue, diam id ornare imperdiet, sapien urna pretium nisl, ut volutpat sapien arcu sed augue. Aliquam erat volutpat.', '2020-03-13 01:07:59', ifnull(select parent_topic_id from POST where id = @starter_post_id, FLOOR(RAND()*49+1)), null, 24);
insert into POST (id, file, text_content, timestamp, parent_topic_id, starter_post_id, user_id) values (114, 'MaurisEget.tiff', 'Morbi non lectus. Aliquam sit amet diam in magna bibendum imperdiet. Nullam orci pede, venenatis non, sodales sed, tincidunt eu, felis.

Fusce posuere felis sed lacus. Morbi sem mauris, laoreet ut, rhoncus aliquet, pulvinar sed, nisl. Nunc rhoncus dui vel sem.

Sed sagittis. Nam congue, risus semper porta volutpat, quam pede lobortis ligula, sit amet eleifend pede libero quis orci. Nullam molestie nibh in lectus.', '2020-09-22 05:16:22', ifnull(select parent_topic_id from POST where id = @starter_post_id, FLOOR(RAND()*49+1)), null, 30);
insert into POST (id, file, text_content, timestamp, parent_topic_id, starter_post_id, user_id) values (115, 'Est.xls', 'Proin eu mi. Nulla ac enim. In tempor, turpis nec euismod scelerisque, quam turpis adipiscing lorem, vitae mattis nibh ligula nec sem.

Duis aliquam convallis nunc. Proin at turpis a pede posuere nonummy. Integer non velit.

Donec diam neque, vestibulum eget, vulputate ut, ultrices vel, augue. Vestibulum ante ipsum primis in faucibus orci luctus et ultrices posuere cubilia Curae; Donec pharetra, magna vestibulum aliquet ultrices, erat tortor sollicitudin mi, sit amet lobortis sapien sapien non mi. Integer ac neque.', '2019-12-24 11:53:15', ifnull(select parent_topic_id from POST where id = @starter_post_id, FLOOR(RAND()*49+1)), null, 50);
insert into POST (id, file, text_content, timestamp, parent_topic_id, starter_post_id, user_id) values (116, 'DonecPosuere.mp3', 'In congue. Etiam justo. Etiam pretium iaculis justo.

In hac habitasse platea dictumst. Etiam faucibus cursus urna. Ut tellus.', '2020-07-17 16:45:42', ifnull(select parent_topic_id from POST where id = @starter_post_id, FLOOR(RAND()*49+1)), null, 26);
insert into POST (id, file, text_content, timestamp, parent_topic_id, starter_post_id, user_id) values (117, 'MetusAenean.mp3', 'In congue. Etiam justo. Etiam pretium iaculis justo.

In hac habitasse platea dictumst. Etiam faucibus cursus urna. Ut tellus.', '2020-05-30 20:26:46', ifnull(select parent_topic_id from POST where id = @starter_post_id, FLOOR(RAND()*49+1)), null, 17);
insert into POST (id, file, text_content, timestamp, parent_topic_id, starter_post_id, user_id) values (118, 'ScelerisqueMaurisSit.ppt', 'Nulla ut erat id mauris vulputate elementum. Nullam varius. Nulla facilisi.

Cras non velit nec nisi vulputate nonummy. Maecenas tincidunt lacus at velit. Vivamus vel nulla eget eros elementum pellentesque.', '2020-06-16 05:29:14', ifnull(select parent_topic_id from POST where id = @starter_post_id, FLOOR(RAND()*49+1)), null, 9);
insert into POST (id, file, text_content, timestamp, parent_topic_id, starter_post_id, user_id) values (119, 'PorttitorPedeJusto.ppt', 'Phasellus in felis. Donec semper sapien a libero. Nam dui.', '2020-09-22 21:05:59', ifnull(select parent_topic_id from POST where id = @starter_post_id, FLOOR(RAND()*49+1)), null, 50);
insert into POST (id, file, text_content, timestamp, parent_topic_id, starter_post_id, user_id) values (120, 'LeoMaecenas.ppt', 'Morbi porttitor lorem id ligula. Suspendisse ornare consequat lectus. In est risus, auctor sed, tristique in, tempus sit amet, sem.

Fusce consequat. Nulla nisl. Nunc nisl.

Duis bibendum, felis sed interdum venenatis, turpis enim blandit mi, in porttitor pede justo eu massa. Donec dapibus. Duis at velit eu est congue elementum.', '2020-09-09 10:39:37', ifnull(select parent_topic_id from POST where id = @starter_post_id, FLOOR(RAND()*49+1)), null, 9);
insert into POST (id, file, text_content, timestamp, parent_topic_id, starter_post_id, user_id) values (121, 'NullamPorttitorLacus.doc', 'Phasellus sit amet erat. Nulla tempus. Vivamus in felis eu sapien cursus vestibulum.

Proin eu mi. Nulla ac enim. In tempor, turpis nec euismod scelerisque, quam turpis adipiscing lorem, vitae mattis nibh ligula nec sem.', '2020-05-29 05:55:27', ifnull(select parent_topic_id from POST where id = @starter_post_id, FLOOR(RAND()*49+1)), null, 4);
insert into POST (id, file, text_content, timestamp, parent_topic_id, starter_post_id, user_id) values (122, 'PlateaDictumstMorbi.mp3', 'Maecenas ut massa quis augue luctus tincidunt. Nulla mollis molestie lorem. Quisque ut erat.

Curabitur gravida nisi at nibh. In hac habitasse platea dictumst. Aliquam augue quam, sollicitudin vitae, consectetuer eget, rutrum at, lorem.', '2020-07-18 07:25:54', ifnull(select parent_topic_id from POST where id = @starter_post_id, FLOOR(RAND()*49+1)), null, 41);
insert into POST (id, file, text_content, timestamp, parent_topic_id, starter_post_id, user_id) values (123, 'Vulputate.xls', 'Fusce consequat. Nulla nisl. Nunc nisl.

Duis bibendum, felis sed interdum venenatis, turpis enim blandit mi, in porttitor pede justo eu massa. Donec dapibus. Duis at velit eu est congue elementum.

In hac habitasse platea dictumst. Morbi vestibulum, velit id pretium iaculis, diam erat fermentum justo, nec condimentum neque sapien placerat ante. Nulla justo.', '2020-04-23 10:40:40', ifnull(select parent_topic_id from POST where id = @starter_post_id, FLOOR(RAND()*49+1)), null, 22);
insert into POST (id, file, text_content, timestamp, parent_topic_id, starter_post_id, user_id) values (124, 'EgetNunc.txt', 'Etiam vel augue. Vestibulum rutrum rutrum neque. Aenean auctor gravida sem.', '2020-08-12 14:10:44', ifnull(select parent_topic_id from POST where id = @starter_post_id, FLOOR(RAND()*49+1)), null, 39);
insert into POST (id, file, text_content, timestamp, parent_topic_id, starter_post_id, user_id) values (125, 'EuFelis.xls', 'Fusce posuere felis sed lacus. Morbi sem mauris, laoreet ut, rhoncus aliquet, pulvinar sed, nisl. Nunc rhoncus dui vel sem.

Sed sagittis. Nam congue, risus semper porta volutpat, quam pede lobortis ligula, sit amet eleifend pede libero quis orci. Nullam molestie nibh in lectus.', '2020-06-14 21:02:13', ifnull(select parent_topic_id from POST where id = @starter_post_id, FLOOR(RAND()*49+1)), null, 14);
insert into POST (id, file, text_content, timestamp, parent_topic_id, starter_post_id, user_id) values (126, 'Vestibulum.avi', 'Quisque porta volutpat erat. Quisque erat eros, viverra eget, congue eget, semper rutrum, nulla. Nunc purus.', '2019-12-15 11:11:33', ifnull(select parent_topic_id from POST where id = @starter_post_id, FLOOR(RAND()*49+1)), null, 3);
insert into POST (id, file, text_content, timestamp, parent_topic_id, starter_post_id, user_id) values (127, 'UtMassaVolutpat.doc', 'Proin interdum mauris non ligula pellentesque ultrices. Phasellus id sapien in sapien iaculis congue. Vivamus metus arcu, adipiscing molestie, hendrerit at, vulputate vitae, nisl.

Aenean lectus. Pellentesque eget nunc. Donec quis orci eget orci vehicula condimentum.', '2019-11-19 05:32:41', ifnull(select parent_topic_id from POST where id = @starter_post_id, FLOOR(RAND()*49+1)), null, 43);
insert into POST (id, file, text_content, timestamp, parent_topic_id, starter_post_id, user_id) values (128, 'QuisAugueLuctus.jpeg', 'In hac habitasse platea dictumst. Etiam faucibus cursus urna. Ut tellus.

Nulla ut erat id mauris vulputate elementum. Nullam varius. Nulla facilisi.', '2020-09-23 18:14:18', ifnull(select parent_topic_id from POST where id = @starter_post_id, FLOOR(RAND()*49+1)), null, 23);
insert into POST (id, file, text_content, timestamp, parent_topic_id, starter_post_id, user_id) values (129, 'LeoOdioCondimentum.png', 'Duis bibendum, felis sed interdum venenatis, turpis enim blandit mi, in porttitor pede justo eu massa. Donec dapibus. Duis at velit eu est congue elementum.', '2020-07-04 07:23:01', ifnull(select parent_topic_id from POST where id = @starter_post_id, FLOOR(RAND()*49+1)), null, 20);
insert into POST (id, file, text_content, timestamp, parent_topic_id, starter_post_id, user_id) values (130, 'Habitasse.xls', 'In hac habitasse platea dictumst. Etiam faucibus cursus urna. Ut tellus.', '2020-09-17 07:38:58', ifnull(select parent_topic_id from POST where id = @starter_post_id, FLOOR(RAND()*49+1)), null, 24);
insert into POST (id, file, text_content, timestamp, parent_topic_id, starter_post_id, user_id) values (131, 'Nullam.ppt', 'Cras mi pede, malesuada in, imperdiet et, commodo vulputate, justo. In blandit ultrices enim. Lorem ipsum dolor sit amet, consectetuer adipiscing elit.

Proin interdum mauris non ligula pellentesque ultrices. Phasellus id sapien in sapien iaculis congue. Vivamus metus arcu, adipiscing molestie, hendrerit at, vulputate vitae, nisl.

Aenean lectus. Pellentesque eget nunc. Donec quis orci eget orci vehicula condimentum.', '2020-06-12 14:48:41', ifnull(select parent_topic_id from POST where id = @starter_post_id, FLOOR(RAND()*49+1)), null, 47);
insert into POST (id, file, text_content, timestamp, parent_topic_id, starter_post_id, user_id) values (132, 'FermentumDonecUt.avi', 'Vestibulum quam sapien, varius ut, blandit non, interdum in, ante. Vestibulum ante ipsum primis in faucibus orci luctus et ultrices posuere cubilia Curae; Duis faucibus accumsan odio. Curabitur convallis.', '2019-11-10 21:35:47', ifnull(select parent_topic_id from POST where id = @starter_post_id, FLOOR(RAND()*49+1)), null, 40);
insert into POST (id, file, text_content, timestamp, parent_topic_id, starter_post_id, user_id) values (133, 'Nec.mov', 'In congue. Etiam justo. Etiam pretium iaculis justo.

In hac habitasse platea dictumst. Etiam faucibus cursus urna. Ut tellus.', '2020-01-11 18:56:19', ifnull(select parent_topic_id from POST where id = @starter_post_id, FLOOR(RAND()*49+1)), null, 35);
insert into POST (id, file, text_content, timestamp, parent_topic_id, starter_post_id, user_id) values (134, 'TortorId.avi', 'Duis consequat dui nec nisi volutpat eleifend. Donec ut dolor. Morbi vel lectus in quam fringilla rhoncus.', '2019-11-19 01:04:22', ifnull(select parent_topic_id from POST where id = @starter_post_id, FLOOR(RAND()*49+1)), null, 7);
insert into POST (id, file, text_content, timestamp, parent_topic_id, starter_post_id, user_id) values (135, 'Erat.ppt', 'Phasellus in felis. Donec semper sapien a libero. Nam dui.', '2019-11-22 01:28:05', ifnull(select parent_topic_id from POST where id = @starter_post_id, FLOOR(RAND()*49+1)), null, 24);
insert into POST (id, file, text_content, timestamp, parent_topic_id, starter_post_id, user_id) values (136, 'Libero.mp3', 'Nullam porttitor lacus at turpis. Donec posuere metus vitae ipsum. Aliquam non mauris.', '2020-04-25 03:46:05', ifnull(select parent_topic_id from POST where id = @starter_post_id, FLOOR(RAND()*49+1)), null, 43);
insert into POST (id, file, text_content, timestamp, parent_topic_id, starter_post_id, user_id) values (137, 'VestibulumAnte.mp3', 'Fusce consequat. Nulla nisl. Nunc nisl.

Duis bibendum, felis sed interdum venenatis, turpis enim blandit mi, in porttitor pede justo eu massa. Donec dapibus. Duis at velit eu est congue elementum.', '2019-11-05 15:55:56', ifnull(select parent_topic_id from POST where id = @starter_post_id, FLOOR(RAND()*49+1)), null, 4);
insert into POST (id, file, text_content, timestamp, parent_topic_id, starter_post_id, user_id) values (138, 'ErosViverra.xls', 'Maecenas ut massa quis augue luctus tincidunt. Nulla mollis molestie lorem. Quisque ut erat.

Curabitur gravida nisi at nibh. In hac habitasse platea dictumst. Aliquam augue quam, sollicitudin vitae, consectetuer eget, rutrum at, lorem.

Integer tincidunt ante vel ipsum. Praesent blandit lacinia erat. Vestibulum sed magna at nunc commodo placerat.', '2020-08-23 19:33:14', ifnull(select parent_topic_id from POST where id = @starter_post_id, FLOOR(RAND()*49+1)), null, 49);
insert into POST (id, file, text_content, timestamp, parent_topic_id, starter_post_id, user_id) values (139, 'LaoreetUtRhoncus.xls', 'In sagittis dui vel nisl. Duis ac nibh. Fusce lacus purus, aliquet at, feugiat non, pretium quis, lectus.

Suspendisse potenti. In eleifend quam a odio. In hac habitasse platea dictumst.

Maecenas ut massa quis augue luctus tincidunt. Nulla mollis molestie lorem. Quisque ut erat.', '2020-06-22 20:57:32', ifnull(select parent_topic_id from POST where id = @starter_post_id, FLOOR(RAND()*49+1)), null, 30);
insert into POST (id, file, text_content, timestamp, parent_topic_id, starter_post_id, user_id) values (140, 'UtRhoncus.avi', 'Nulla ut erat id mauris vulputate elementum. Nullam varius. Nulla facilisi.', '2020-04-16 10:36:16', ifnull(select parent_topic_id from POST where id = @starter_post_id, FLOOR(RAND()*49+1)), null, 19);
insert into POST (id, file, text_content, timestamp, parent_topic_id, starter_post_id, user_id) values (141, 'ViverraPede.xls', 'In hac habitasse platea dictumst. Morbi vestibulum, velit id pretium iaculis, diam erat fermentum justo, nec condimentum neque sapien placerat ante. Nulla justo.', '2020-02-20 03:02:26', ifnull(select parent_topic_id from POST where id = @starter_post_id, FLOOR(RAND()*49+1)), null, 49);
insert into POST (id, file, text_content, timestamp, parent_topic_id, starter_post_id, user_id) values (142, 'Justo.doc', 'Suspendisse potenti. In eleifend quam a odio. In hac habitasse platea dictumst.

Maecenas ut massa quis augue luctus tincidunt. Nulla mollis molestie lorem. Quisque ut erat.', '2020-06-23 19:32:58', ifnull(select parent_topic_id from POST where id = @starter_post_id, FLOOR(RAND()*49+1)), null, 43);
insert into POST (id, file, text_content, timestamp, parent_topic_id, starter_post_id, user_id) values (143, 'NisiVolutpat.mov', 'Aenean fermentum. Donec ut mauris eget massa tempor convallis. Nulla neque libero, convallis eget, eleifend luctus, ultricies eu, nibh.

Quisque id justo sit amet sapien dignissim vestibulum. Vestibulum ante ipsum primis in faucibus orci luctus et ultrices posuere cubilia Curae; Nulla dapibus dolor vel est. Donec odio justo, sollicitudin ut, suscipit a, feugiat et, eros.', '2020-06-22 21:00:18', ifnull(select parent_topic_id from POST where id = @starter_post_id, FLOOR(RAND()*49+1)), null, 21);
insert into POST (id, file, text_content, timestamp, parent_topic_id, starter_post_id, user_id) values (144, 'Volutpat.xls', 'Duis consequat dui nec nisi volutpat eleifend. Donec ut dolor. Morbi vel lectus in quam fringilla rhoncus.

Mauris enim leo, rhoncus sed, vestibulum sit amet, cursus id, turpis. Integer aliquet, massa id lobortis convallis, tortor risus dapibus augue, vel accumsan tellus nisi eu orci. Mauris lacinia sapien quis libero.

Nullam sit amet turpis elementum ligula vehicula consequat. Morbi a ipsum. Integer a nibh.', '2020-05-18 02:00:06', ifnull(select parent_topic_id from POST where id = @starter_post_id, FLOOR(RAND()*49+1)), null, 27);
insert into POST (id, file, text_content, timestamp, parent_topic_id, starter_post_id, user_id) values (145, 'SedJusto.avi', 'Sed ante. Vivamus tortor. Duis mattis egestas metus.', '2020-01-11 03:47:07', ifnull(select parent_topic_id from POST where id = @starter_post_id, FLOOR(RAND()*49+1)), null, 26);
insert into POST (id, file, text_content, timestamp, parent_topic_id, starter_post_id, user_id) values (146, 'Sociis.mp3', 'Nullam porttitor lacus at turpis. Donec posuere metus vitae ipsum. Aliquam non mauris.', '2020-06-12 18:30:39', ifnull(select parent_topic_id from POST where id = @starter_post_id, FLOOR(RAND()*49+1)), null, 29);
insert into POST (id, file, text_content, timestamp, parent_topic_id, starter_post_id, user_id) values (147, 'BlanditLaciniaErat.mpeg', 'Integer ac leo. Pellentesque ultrices mattis odio. Donec vitae nisi.

Nam ultrices, libero non mattis pulvinar, nulla pede ullamcorper augue, a suscipit nulla elit ac nulla. Sed vel enim sit amet nunc viverra dapibus. Nulla suscipit ligula in lacus.', '2020-08-13 18:01:53', ifnull(select parent_topic_id from POST where id = @starter_post_id, FLOOR(RAND()*49+1)), null, 47);
insert into POST (id, file, text_content, timestamp, parent_topic_id, starter_post_id, user_id) values (148, 'PurusPhasellus.ppt', 'Phasellus in felis. Donec semper sapien a libero. Nam dui.

Proin leo odio, porttitor id, consequat in, consequat ut, nulla. Sed accumsan felis. Ut at dolor quis odio consequat varius.

Integer ac leo. Pellentesque ultrices mattis odio. Donec vitae nisi.', '2020-01-21 02:02:11', ifnull(select parent_topic_id from POST where id = @starter_post_id, FLOOR(RAND()*49+1)), null, 37);
insert into POST (id, file, text_content, timestamp, parent_topic_id, starter_post_id, user_id) values (149, 'AtNullaSuspendisse.mp3', 'Phasellus sit amet erat. Nulla tempus. Vivamus in felis eu sapien cursus vestibulum.

Proin eu mi. Nulla ac enim. In tempor, turpis nec euismod scelerisque, quam turpis adipiscing lorem, vitae mattis nibh ligula nec sem.', '2020-09-20 08:52:15', ifnull(select parent_topic_id from POST where id = @starter_post_id, FLOOR(RAND()*49+1)), null, 4);
insert into POST (id, file, text_content, timestamp, parent_topic_id, starter_post_id, user_id) values (150, 'PenatibusEt.png', 'Aenean lectus. Pellentesque eget nunc. Donec quis orci eget orci vehicula condimentum.

Curabitur in libero ut massa volutpat convallis. Morbi odio odio, elementum eu, interdum eu, tincidunt in, leo. Maecenas pulvinar lobortis est.', '2020-05-26 01:10:05', ifnull(select parent_topic_id from POST where id = @starter_post_id, FLOOR(RAND()*49+1)), null, 31);
insert into POST (id, file, text_content, timestamp, parent_topic_id, starter_post_id, user_id) values (151, 'Mauris.jpeg', 'In hac habitasse platea dictumst. Etiam faucibus cursus urna. Ut tellus.', '2020-07-04 16:00:38', ifnull(select parent_topic_id from POST where id = @starter_post_id, FLOOR(RAND()*49+1)), null, 42);
insert into POST (id, file, text_content, timestamp, parent_topic_id, starter_post_id, user_id) values (152, 'AliquamSitAmet.mp3', 'Quisque id justo sit amet sapien dignissim vestibulum. Vestibulum ante ipsum primis in faucibus orci luctus et ultrices posuere cubilia Curae; Nulla dapibus dolor vel est. Donec odio justo, sollicitudin ut, suscipit a, feugiat et, eros.

Vestibulum ac est lacinia nisi venenatis tristique. Fusce congue, diam id ornare imperdiet, sapien urna pretium nisl, ut volutpat sapien arcu sed augue. Aliquam erat volutpat.

In congue. Etiam justo. Etiam pretium iaculis justo.', '2020-04-10 23:30:07', ifnull(select parent_topic_id from POST where id = @starter_post_id, FLOOR(RAND()*49+1)), null, 29);
insert into POST (id, file, text_content, timestamp, parent_topic_id, starter_post_id, user_id) values (153, 'Id.mp3', 'Sed ante. Vivamus tortor. Duis mattis egestas metus.

Aenean fermentum. Donec ut mauris eget massa tempor convallis. Nulla neque libero, convallis eget, eleifend luctus, ultricies eu, nibh.

Quisque id justo sit amet sapien dignissim vestibulum. Vestibulum ante ipsum primis in faucibus orci luctus et ultrices posuere cubilia Curae; Nulla dapibus dolor vel est. Donec odio justo, sollicitudin ut, suscipit a, feugiat et, eros.', '2019-12-20 00:18:26', ifnull(select parent_topic_id from POST where id = @starter_post_id, FLOOR(RAND()*49+1)), null, 42);
insert into POST (id, file, text_content, timestamp, parent_topic_id, starter_post_id, user_id) values (154, 'HacHabitasse.avi', 'In sagittis dui vel nisl. Duis ac nibh. Fusce lacus purus, aliquet at, feugiat non, pretium quis, lectus.

Suspendisse potenti. In eleifend quam a odio. In hac habitasse platea dictumst.

Maecenas ut massa quis augue luctus tincidunt. Nulla mollis molestie lorem. Quisque ut erat.', '2020-01-10 16:25:16', ifnull(select parent_topic_id from POST where id = @starter_post_id, FLOOR(RAND()*49+1)), null, 48);
insert into POST (id, file, text_content, timestamp, parent_topic_id, starter_post_id, user_id) values (155, 'At.mov', 'Quisque id justo sit amet sapien dignissim vestibulum. Vestibulum ante ipsum primis in faucibus orci luctus et ultrices posuere cubilia Curae; Nulla dapibus dolor vel est. Donec odio justo, sollicitudin ut, suscipit a, feugiat et, eros.

Vestibulum ac est lacinia nisi venenatis tristique. Fusce congue, diam id ornare imperdiet, sapien urna pretium nisl, ut volutpat sapien arcu sed augue. Aliquam erat volutpat.

In congue. Etiam justo. Etiam pretium iaculis justo.', '2020-03-07 05:44:31', ifnull(select parent_topic_id from POST where id = @starter_post_id, FLOOR(RAND()*49+1)), null, 36);
insert into POST (id, file, text_content, timestamp, parent_topic_id, starter_post_id, user_id) values (156, 'TristiqueInTempus.txt', 'In quis justo. Maecenas rhoncus aliquam lacus. Morbi quis tortor id nulla ultrices aliquet.

Maecenas leo odio, condimentum id, luctus nec, molestie sed, justo. Pellentesque viverra pede ac diam. Cras pellentesque volutpat dui.

Maecenas tristique, est et tempus semper, est quam pharetra magna, ac consequat metus sapien ut nunc. Vestibulum ante ipsum primis in faucibus orci luctus et ultrices posuere cubilia Curae; Mauris viverra diam vitae quam. Suspendisse potenti.', '2020-07-14 08:42:49', ifnull(select parent_topic_id from POST where id = @starter_post_id, FLOOR(RAND()*49+1)), null, 37);
insert into POST (id, file, text_content, timestamp, parent_topic_id, starter_post_id, user_id) values (157, 'EtMagnis.avi', 'Proin eu mi. Nulla ac enim. In tempor, turpis nec euismod scelerisque, quam turpis adipiscing lorem, vitae mattis nibh ligula nec sem.', '2020-01-20 05:22:36', ifnull(select parent_topic_id from POST where id = @starter_post_id, FLOOR(RAND()*49+1)), null, 2);
insert into POST (id, file, text_content, timestamp, parent_topic_id, starter_post_id, user_id) values (158, 'RhoncusMaurisEnim.ppt', 'Aenean fermentum. Donec ut mauris eget massa tempor convallis. Nulla neque libero, convallis eget, eleifend luctus, ultricies eu, nibh.', '2020-02-09 21:12:48', ifnull(select parent_topic_id from POST where id = @starter_post_id, FLOOR(RAND()*49+1)), null, 29);
insert into POST (id, file, text_content, timestamp, parent_topic_id, starter_post_id, user_id) values (159, 'OrnareImperdietSapien.pdf', 'In hac habitasse platea dictumst. Morbi vestibulum, velit id pretium iaculis, diam erat fermentum justo, nec condimentum neque sapien placerat ante. Nulla justo.', '2020-06-10 17:18:09', ifnull(select parent_topic_id from POST where id = @starter_post_id, FLOOR(RAND()*49+1)), null, 29);
insert into POST (id, file, text_content, timestamp, parent_topic_id, starter_post_id, user_id) values (160, 'Mi.avi', 'Lorem ipsum dolor sit amet, consectetuer adipiscing elit. Proin risus. Praesent lectus.

Vestibulum quam sapien, varius ut, blandit non, interdum in, ante. Vestibulum ante ipsum primis in faucibus orci luctus et ultrices posuere cubilia Curae; Duis faucibus accumsan odio. Curabitur convallis.', '2020-04-01 17:41:32', ifnull(select parent_topic_id from POST where id = @starter_post_id, FLOOR(RAND()*49+1)), null, 47);
insert into POST (id, file, text_content, timestamp, parent_topic_id, starter_post_id, user_id) values (161, 'Diam.ppt', 'Maecenas leo odio, condimentum id, luctus nec, molestie sed, justo. Pellentesque viverra pede ac diam. Cras pellentesque volutpat dui.', '2019-12-14 05:35:30', ifnull(select parent_topic_id from POST where id = @starter_post_id, FLOOR(RAND()*49+1)), null, 9);
insert into POST (id, file, text_content, timestamp, parent_topic_id, starter_post_id, user_id) values (162, 'FusceCongueDiam.mp3', 'Maecenas leo odio, condimentum id, luctus nec, molestie sed, justo. Pellentesque viverra pede ac diam. Cras pellentesque volutpat dui.

Maecenas tristique, est et tempus semper, est quam pharetra magna, ac consequat metus sapien ut nunc. Vestibulum ante ipsum primis in faucibus orci luctus et ultrices posuere cubilia Curae; Mauris viverra diam vitae quam. Suspendisse potenti.', '2020-01-25 01:26:33', ifnull(select parent_topic_id from POST where id = @starter_post_id, FLOOR(RAND()*49+1)), null, 40);
insert into POST (id, file, text_content, timestamp, parent_topic_id, starter_post_id, user_id) values (163, 'TortorQuisTurpis.txt', 'Lorem ipsum dolor sit amet, consectetuer adipiscing elit. Proin risus. Praesent lectus.

Vestibulum quam sapien, varius ut, blandit non, interdum in, ante. Vestibulum ante ipsum primis in faucibus orci luctus et ultrices posuere cubilia Curae; Duis faucibus accumsan odio. Curabitur convallis.

Duis consequat dui nec nisi volutpat eleifend. Donec ut dolor. Morbi vel lectus in quam fringilla rhoncus.', '2020-03-01 21:24:16', ifnull(select parent_topic_id from POST where id = @starter_post_id, FLOOR(RAND()*49+1)), null, 3);
insert into POST (id, file, text_content, timestamp, parent_topic_id, starter_post_id, user_id) values (164, 'EgetErosElementum.tiff', 'Etiam vel augue. Vestibulum rutrum rutrum neque. Aenean auctor gravida sem.

Praesent id massa id nisl venenatis lacinia. Aenean sit amet justo. Morbi ut odio.

Cras mi pede, malesuada in, imperdiet et, commodo vulputate, justo. In blandit ultrices enim. Lorem ipsum dolor sit amet, consectetuer adipiscing elit.', '2020-05-12 17:38:07', ifnull(select parent_topic_id from POST where id = @starter_post_id, FLOOR(RAND()*49+1)), null, 38);
insert into POST (id, file, text_content, timestamp, parent_topic_id, starter_post_id, user_id) values (165, 'LobortisVel.ppt', 'Etiam vel augue. Vestibulum rutrum rutrum neque. Aenean auctor gravida sem.', '2019-12-17 18:58:25', ifnull(select parent_topic_id from POST where id = @starter_post_id, FLOOR(RAND()*49+1)), null, 20);
insert into POST (id, file, text_content, timestamp, parent_topic_id, starter_post_id, user_id) values (166, 'Elementum.ppt', 'In congue. Etiam justo. Etiam pretium iaculis justo.

In hac habitasse platea dictumst. Etiam faucibus cursus urna. Ut tellus.

Nulla ut erat id mauris vulputate elementum. Nullam varius. Nulla facilisi.', '2019-11-26 08:21:41', ifnull(select parent_topic_id from POST where id = @starter_post_id, FLOOR(RAND()*49+1)), null, 25);
insert into POST (id, file, text_content, timestamp, parent_topic_id, starter_post_id, user_id) values (167, 'Diam.xls', 'Fusce posuere felis sed lacus. Morbi sem mauris, laoreet ut, rhoncus aliquet, pulvinar sed, nisl. Nunc rhoncus dui vel sem.

Sed sagittis. Nam congue, risus semper porta volutpat, quam pede lobortis ligula, sit amet eleifend pede libero quis orci. Nullam molestie nibh in lectus.

Pellentesque at nulla. Suspendisse potenti. Cras in purus eu magna vulputate luctus.', '2020-06-01 03:43:19', ifnull(select parent_topic_id from POST where id = @starter_post_id, FLOOR(RAND()*49+1)), null, 5);
insert into POST (id, file, text_content, timestamp, parent_topic_id, starter_post_id, user_id) values (168, 'CommodoPlaceratPraesent.mov', 'Nam ultrices, libero non mattis pulvinar, nulla pede ullamcorper augue, a suscipit nulla elit ac nulla. Sed vel enim sit amet nunc viverra dapibus. Nulla suscipit ligula in lacus.

Curabitur at ipsum ac tellus semper interdum. Mauris ullamcorper purus sit amet nulla. Quisque arcu libero, rutrum ac, lobortis vel, dapibus at, diam.', '2020-06-06 07:22:23', ifnull(select parent_topic_id from POST where id = @starter_post_id, FLOOR(RAND()*49+1)), null, 34);
insert into POST (id, file, text_content, timestamp, parent_topic_id, starter_post_id, user_id) values (169, 'OdioOdio.avi', 'Duis bibendum. Morbi non quam nec dui luctus rutrum. Nulla tellus.

In sagittis dui vel nisl. Duis ac nibh. Fusce lacus purus, aliquet at, feugiat non, pretium quis, lectus.

Suspendisse potenti. In eleifend quam a odio. In hac habitasse platea dictumst.', '2020-01-17 17:40:21', ifnull(select parent_topic_id from POST where id = @starter_post_id, FLOOR(RAND()*49+1)), null, 49);
insert into POST (id, file, text_content, timestamp, parent_topic_id, starter_post_id, user_id) values (170, 'TempusSit.pdf', 'Sed ante. Vivamus tortor. Duis mattis egestas metus.

Aenean fermentum. Donec ut mauris eget massa tempor convallis. Nulla neque libero, convallis eget, eleifend luctus, ultricies eu, nibh.', '2020-10-15 14:58:55', ifnull(select parent_topic_id from POST where id = @starter_post_id, FLOOR(RAND()*49+1)), null, 45);
insert into POST (id, file, text_content, timestamp, parent_topic_id, starter_post_id, user_id) values (171, 'LectusVestibulumQuam.ppt', 'Duis consequat dui nec nisi volutpat eleifend. Donec ut dolor. Morbi vel lectus in quam fringilla rhoncus.

Mauris enim leo, rhoncus sed, vestibulum sit amet, cursus id, turpis. Integer aliquet, massa id lobortis convallis, tortor risus dapibus augue, vel accumsan tellus nisi eu orci. Mauris lacinia sapien quis libero.', '2020-04-24 02:56:25', ifnull(select parent_topic_id from POST where id = @starter_post_id, FLOOR(RAND()*49+1)), null, 22);
insert into POST (id, file, text_content, timestamp, parent_topic_id, starter_post_id, user_id) values (172, 'At.mp3', 'Nulla ut erat id mauris vulputate elementum. Nullam varius. Nulla facilisi.

Cras non velit nec nisi vulputate nonummy. Maecenas tincidunt lacus at velit. Vivamus vel nulla eget eros elementum pellentesque.

Quisque porta volutpat erat. Quisque erat eros, viverra eget, congue eget, semper rutrum, nulla. Nunc purus.', '2020-03-13 15:17:12', ifnull(select parent_topic_id from POST where id = @starter_post_id, FLOOR(RAND()*49+1)), null, 7);
insert into POST (id, file, text_content, timestamp, parent_topic_id, starter_post_id, user_id) values (173, 'Volutpat.png', 'Duis bibendum, felis sed interdum venenatis, turpis enim blandit mi, in porttitor pede justo eu massa. Donec dapibus. Duis at velit eu est congue elementum.

In hac habitasse platea dictumst. Morbi vestibulum, velit id pretium iaculis, diam erat fermentum justo, nec condimentum neque sapien placerat ante. Nulla justo.

Aliquam quis turpis eget elit sodales scelerisque. Mauris sit amet eros. Suspendisse accumsan tortor quis turpis.', '2020-05-03 07:58:12', ifnull(select parent_topic_id from POST where id = @starter_post_id, FLOOR(RAND()*49+1)), null, 5);
insert into POST (id, file, text_content, timestamp, parent_topic_id, starter_post_id, user_id) values (174, 'Condimentum.png', 'Phasellus sit amet erat. Nulla tempus. Vivamus in felis eu sapien cursus vestibulum.

Proin eu mi. Nulla ac enim. In tempor, turpis nec euismod scelerisque, quam turpis adipiscing lorem, vitae mattis nibh ligula nec sem.

Duis aliquam convallis nunc. Proin at turpis a pede posuere nonummy. Integer non velit.', '2020-06-09 13:22:56', ifnull(select parent_topic_id from POST where id = @starter_post_id, FLOOR(RAND()*49+1)), null, 50);
insert into POST (id, file, text_content, timestamp, parent_topic_id, starter_post_id, user_id) values (175, 'Tristique.avi', 'Lorem ipsum dolor sit amet, consectetuer adipiscing elit. Proin risus. Praesent lectus.

Vestibulum quam sapien, varius ut, blandit non, interdum in, ante. Vestibulum ante ipsum primis in faucibus orci luctus et ultrices posuere cubilia Curae; Duis faucibus accumsan odio. Curabitur convallis.

Duis consequat dui nec nisi volutpat eleifend. Donec ut dolor. Morbi vel lectus in quam fringilla rhoncus.', '2019-11-24 02:05:16', ifnull(select parent_topic_id from POST where id = @starter_post_id, FLOOR(RAND()*49+1)), null, 21);
insert into POST (id, file, text_content, timestamp, parent_topic_id, starter_post_id, user_id) values (176, 'VivamusVel.mp3', 'Fusce consequat. Nulla nisl. Nunc nisl.

Duis bibendum, felis sed interdum venenatis, turpis enim blandit mi, in porttitor pede justo eu massa. Donec dapibus. Duis at velit eu est congue elementum.', '2020-09-06 22:04:47', ifnull(select parent_topic_id from POST where id = @starter_post_id, FLOOR(RAND()*49+1)), null, 48);
insert into POST (id, file, text_content, timestamp, parent_topic_id, starter_post_id, user_id) values (177, 'SapienIn.avi', 'Curabitur in libero ut massa volutpat convallis. Morbi odio odio, elementum eu, interdum eu, tincidunt in, leo. Maecenas pulvinar lobortis est.', '2020-09-06 09:34:13', ifnull(select parent_topic_id from POST where id = @starter_post_id, FLOOR(RAND()*49+1)), null, 14);
insert into POST (id, file, text_content, timestamp, parent_topic_id, starter_post_id, user_id) values (178, 'MontesNascetur.mp3', 'Praesent id massa id nisl venenatis lacinia. Aenean sit amet justo. Morbi ut odio.

Cras mi pede, malesuada in, imperdiet et, commodo vulputate, justo. In blandit ultrices enim. Lorem ipsum dolor sit amet, consectetuer adipiscing elit.', '2020-08-20 17:02:56', ifnull(select parent_topic_id from POST where id = @starter_post_id, FLOOR(RAND()*49+1)), null, 43);
insert into POST (id, file, text_content, timestamp, parent_topic_id, starter_post_id, user_id) values (179, 'MetusAeneanFermentum.xls', 'In sagittis dui vel nisl. Duis ac nibh. Fusce lacus purus, aliquet at, feugiat non, pretium quis, lectus.

Suspendisse potenti. In eleifend quam a odio. In hac habitasse platea dictumst.', '2020-03-14 22:37:39', ifnull(select parent_topic_id from POST where id = @starter_post_id, FLOOR(RAND()*49+1)), null, 41);
insert into POST (id, file, text_content, timestamp, parent_topic_id, starter_post_id, user_id) values (180, 'InEleifend.xls', 'Proin leo odio, porttitor id, consequat in, consequat ut, nulla. Sed accumsan felis. Ut at dolor quis odio consequat varius.

Integer ac leo. Pellentesque ultrices mattis odio. Donec vitae nisi.

Nam ultrices, libero non mattis pulvinar, nulla pede ullamcorper augue, a suscipit nulla elit ac nulla. Sed vel enim sit amet nunc viverra dapibus. Nulla suscipit ligula in lacus.', '2020-07-16 22:46:48', ifnull(select parent_topic_id from POST where id = @starter_post_id, FLOOR(RAND()*49+1)), null, 17);
insert into POST (id, file, text_content, timestamp, parent_topic_id, starter_post_id, user_id) values (181, 'Sit.mp3', 'Nullam porttitor lacus at turpis. Donec posuere metus vitae ipsum. Aliquam non mauris.

Morbi non lectus. Aliquam sit amet diam in magna bibendum imperdiet. Nullam orci pede, venenatis non, sodales sed, tincidunt eu, felis.

Fusce posuere felis sed lacus. Morbi sem mauris, laoreet ut, rhoncus aliquet, pulvinar sed, nisl. Nunc rhoncus dui vel sem.', '2020-07-04 12:49:47', ifnull(select parent_topic_id from POST where id = @starter_post_id, FLOOR(RAND()*49+1)), null, 1);
insert into POST (id, file, text_content, timestamp, parent_topic_id, starter_post_id, user_id) values (182, 'InFaucibusOrci.ppt', 'Vestibulum quam sapien, varius ut, blandit non, interdum in, ante. Vestibulum ante ipsum primis in faucibus orci luctus et ultrices posuere cubilia Curae; Duis faucibus accumsan odio. Curabitur convallis.

Duis consequat dui nec nisi volutpat eleifend. Donec ut dolor. Morbi vel lectus in quam fringilla rhoncus.

Mauris enim leo, rhoncus sed, vestibulum sit amet, cursus id, turpis. Integer aliquet, massa id lobortis convallis, tortor risus dapibus augue, vel accumsan tellus nisi eu orci. Mauris lacinia sapien quis libero.', '2020-08-09 19:15:51', ifnull(select parent_topic_id from POST where id = @starter_post_id, FLOOR(RAND()*49+1)), null, 47);
insert into POST (id, file, text_content, timestamp, parent_topic_id, starter_post_id, user_id) values (183, 'MollisMolestieLorem.xls', 'Phasellus sit amet erat. Nulla tempus. Vivamus in felis eu sapien cursus vestibulum.

Proin eu mi. Nulla ac enim. In tempor, turpis nec euismod scelerisque, quam turpis adipiscing lorem, vitae mattis nibh ligula nec sem.', '2020-06-17 00:31:50', ifnull(select parent_topic_id from POST where id = @starter_post_id, FLOOR(RAND()*49+1)), null, 39);
insert into POST (id, file, text_content, timestamp, parent_topic_id, starter_post_id, user_id) values (184, 'RhoncusDui.ppt', 'Maecenas ut massa quis augue luctus tincidunt. Nulla mollis molestie lorem. Quisque ut erat.

Curabitur gravida nisi at nibh. In hac habitasse platea dictumst. Aliquam augue quam, sollicitudin vitae, consectetuer eget, rutrum at, lorem.', '2020-09-08 13:13:13', ifnull(select parent_topic_id from POST where id = @starter_post_id, FLOOR(RAND()*49+1)), null, 23);
insert into POST (id, file, text_content, timestamp, parent_topic_id, starter_post_id, user_id) values (185, 'Nunc.jpeg', 'Quisque id justo sit amet sapien dignissim vestibulum. Vestibulum ante ipsum primis in faucibus orci luctus et ultrices posuere cubilia Curae; Nulla dapibus dolor vel est. Donec odio justo, sollicitudin ut, suscipit a, feugiat et, eros.

Vestibulum ac est lacinia nisi venenatis tristique. Fusce congue, diam id ornare imperdiet, sapien urna pretium nisl, ut volutpat sapien arcu sed augue. Aliquam erat volutpat.

In congue. Etiam justo. Etiam pretium iaculis justo.', '2020-08-14 23:25:53', ifnull(select parent_topic_id from POST where id = @starter_post_id, FLOOR(RAND()*49+1)), null, 22);
insert into POST (id, file, text_content, timestamp, parent_topic_id, starter_post_id, user_id) values (186, 'Venenatis.pdf', 'Cras non velit nec nisi vulputate nonummy. Maecenas tincidunt lacus at velit. Vivamus vel nulla eget eros elementum pellentesque.

Quisque porta volutpat erat. Quisque erat eros, viverra eget, congue eget, semper rutrum, nulla. Nunc purus.', '2020-04-06 15:12:27', ifnull(select parent_topic_id from POST where id = @starter_post_id, FLOOR(RAND()*49+1)), null, 7);
insert into POST (id, file, text_content, timestamp, parent_topic_id, starter_post_id, user_id) values (187, 'ImperdietEtCommodo.ppt', 'Etiam vel augue. Vestibulum rutrum rutrum neque. Aenean auctor gravida sem.

Praesent id massa id nisl venenatis lacinia. Aenean sit amet justo. Morbi ut odio.', '2020-02-25 10:34:38', ifnull(select parent_topic_id from POST where id = @starter_post_id, FLOOR(RAND()*49+1)), null, 21);
insert into POST (id, file, text_content, timestamp, parent_topic_id, starter_post_id, user_id) values (188, 'VelitNecNisi.avi', 'Integer ac leo. Pellentesque ultrices mattis odio. Donec vitae nisi.', '2020-04-12 19:01:59', ifnull(select parent_topic_id from POST where id = @starter_post_id, FLOOR(RAND()*49+1)), null, 30);
insert into POST (id, file, text_content, timestamp, parent_topic_id, starter_post_id, user_id) values (189, 'LectusInEst.ppt', 'Proin eu mi. Nulla ac enim. In tempor, turpis nec euismod scelerisque, quam turpis adipiscing lorem, vitae mattis nibh ligula nec sem.', '2020-02-05 09:04:23', ifnull(select parent_topic_id from POST where id = @starter_post_id, FLOOR(RAND()*49+1)), null, 43);
insert into POST (id, file, text_content, timestamp, parent_topic_id, starter_post_id, user_id) values (190, 'VestibulumAliquet.txt', 'Aenean fermentum. Donec ut mauris eget massa tempor convallis. Nulla neque libero, convallis eget, eleifend luctus, ultricies eu, nibh.

Quisque id justo sit amet sapien dignissim vestibulum. Vestibulum ante ipsum primis in faucibus orci luctus et ultrices posuere cubilia Curae; Nulla dapibus dolor vel est. Donec odio justo, sollicitudin ut, suscipit a, feugiat et, eros.

Vestibulum ac est lacinia nisi venenatis tristique. Fusce congue, diam id ornare imperdiet, sapien urna pretium nisl, ut volutpat sapien arcu sed augue. Aliquam erat volutpat.', '2020-05-19 19:33:27', ifnull(select parent_topic_id from POST where id = @starter_post_id, FLOOR(RAND()*49+1)), null, 17);
insert into POST (id, file, text_content, timestamp, parent_topic_id, starter_post_id, user_id) values (191, 'IntegerTincidunt.mp3', 'Integer ac leo. Pellentesque ultrices mattis odio. Donec vitae nisi.', '2020-09-05 11:57:05', ifnull(select parent_topic_id from POST where id = @starter_post_id, FLOOR(RAND()*49+1)), null, 3);
insert into POST (id, file, text_content, timestamp, parent_topic_id, starter_post_id, user_id) values (192, 'NullaSuspendisse.avi', 'Curabitur gravida nisi at nibh. In hac habitasse platea dictumst. Aliquam augue quam, sollicitudin vitae, consectetuer eget, rutrum at, lorem.

Integer tincidunt ante vel ipsum. Praesent blandit lacinia erat. Vestibulum sed magna at nunc commodo placerat.', '2019-11-19 04:28:47', ifnull(select parent_topic_id from POST where id = @starter_post_id, FLOOR(RAND()*49+1)), null, 42);
insert into POST (id, file, text_content, timestamp, parent_topic_id, starter_post_id, user_id) values (193, 'Sit.ppt', 'Lorem ipsum dolor sit amet, consectetuer adipiscing elit. Proin risus. Praesent lectus.

Vestibulum quam sapien, varius ut, blandit non, interdum in, ante. Vestibulum ante ipsum primis in faucibus orci luctus et ultrices posuere cubilia Curae; Duis faucibus accumsan odio. Curabitur convallis.

Duis consequat dui nec nisi volutpat eleifend. Donec ut dolor. Morbi vel lectus in quam fringilla rhoncus.', '2020-04-07 02:28:26', ifnull(select parent_topic_id from POST where id = @starter_post_id, FLOOR(RAND()*49+1)), null, 14);
insert into POST (id, file, text_content, timestamp, parent_topic_id, starter_post_id, user_id) values (194, 'Lectus.tiff', 'Quisque porta volutpat erat. Quisque erat eros, viverra eget, congue eget, semper rutrum, nulla. Nunc purus.', '2020-10-02 08:19:33', ifnull(select parent_topic_id from POST where id = @starter_post_id, FLOOR(RAND()*49+1)), null, 17);
insert into POST (id, file, text_content, timestamp, parent_topic_id, starter_post_id, user_id) values (195, 'UltricesVel.xls', 'Phasellus sit amet erat. Nulla tempus. Vivamus in felis eu sapien cursus vestibulum.', '2020-09-08 18:24:06', ifnull(select parent_topic_id from POST where id = @starter_post_id, FLOOR(RAND()*49+1)), null, 28);
insert into POST (id, file, text_content, timestamp, parent_topic_id, starter_post_id, user_id) values (196, 'Nibh.avi', 'Donec diam neque, vestibulum eget, vulputate ut, ultrices vel, augue. Vestibulum ante ipsum primis in faucibus orci luctus et ultrices posuere cubilia Curae; Donec pharetra, magna vestibulum aliquet ultrices, erat tortor sollicitudin mi, sit amet lobortis sapien sapien non mi. Integer ac neque.

Duis bibendum. Morbi non quam nec dui luctus rutrum. Nulla tellus.

In sagittis dui vel nisl. Duis ac nibh. Fusce lacus purus, aliquet at, feugiat non, pretium quis, lectus.', '2020-06-18 19:13:30', ifnull(select parent_topic_id from POST where id = @starter_post_id, FLOOR(RAND()*49+1)), null, 40);
insert into POST (id, file, text_content, timestamp, parent_topic_id, starter_post_id, user_id) values (197, 'Commodo.ppt', 'Fusce consequat. Nulla nisl. Nunc nisl.

Duis bibendum, felis sed interdum venenatis, turpis enim blandit mi, in porttitor pede justo eu massa. Donec dapibus. Duis at velit eu est congue elementum.

In hac habitasse platea dictumst. Morbi vestibulum, velit id pretium iaculis, diam erat fermentum justo, nec condimentum neque sapien placerat ante. Nulla justo.', '2020-02-20 00:17:18', ifnull(select parent_topic_id from POST where id = @starter_post_id, FLOOR(RAND()*49+1)), null, 6);
insert into POST (id, file, text_content, timestamp, parent_topic_id, starter_post_id, user_id) values (198, 'AliquetMassaId.tiff', 'Quisque id justo sit amet sapien dignissim vestibulum. Vestibulum ante ipsum primis in faucibus orci luctus et ultrices posuere cubilia Curae; Nulla dapibus dolor vel est. Donec odio justo, sollicitudin ut, suscipit a, feugiat et, eros.

Vestibulum ac est lacinia nisi venenatis tristique. Fusce congue, diam id ornare imperdiet, sapien urna pretium nisl, ut volutpat sapien arcu sed augue. Aliquam erat volutpat.

In congue. Etiam justo. Etiam pretium iaculis justo.', '2020-01-30 18:59:54', ifnull(select parent_topic_id from POST where id = @starter_post_id, FLOOR(RAND()*49+1)), null, 28);
insert into POST (id, file, text_content, timestamp, parent_topic_id, starter_post_id, user_id) values (199, 'PosuereCubiliaCurae.mp3', 'Integer ac leo. Pellentesque ultrices mattis odio. Donec vitae nisi.

Nam ultrices, libero non mattis pulvinar, nulla pede ullamcorper augue, a suscipit nulla elit ac nulla. Sed vel enim sit amet nunc viverra dapibus. Nulla suscipit ligula in lacus.

Curabitur at ipsum ac tellus semper interdum. Mauris ullamcorper purus sit amet nulla. Quisque arcu libero, rutrum ac, lobortis vel, dapibus at, diam.', '2020-08-26 20:21:31', ifnull(select parent_topic_id from POST where id = @starter_post_id, FLOOR(RAND()*49+1)), null, 24);
insert into POST (id, file, text_content, timestamp, parent_topic_id, starter_post_id, user_id) values (200, 'IpsumDolor.mov', 'Nulla ut erat id mauris vulputate elementum. Nullam varius. Nulla facilisi.

Cras non velit nec nisi vulputate nonummy. Maecenas tincidunt lacus at velit. Vivamus vel nulla eget eros elementum pellentesque.

Quisque porta volutpat erat. Quisque erat eros, viverra eget, congue eget, semper rutrum, nulla. Nunc purus.', '2019-12-28 00:30:23', ifnull(select parent_topic_id from POST where id = @starter_post_id, FLOOR(RAND()*49+1)), null, 37);
insert into USER_FOLLOW_TOPICS (FOLLOWERS_ID, FOLLOW_TOPICS_ID) values (1, 12);
insert into USER_FOLLOW_TOPICS (FOLLOWERS_ID, FOLLOW_TOPICS_ID) values (1, 2);
insert into USER_FOLLOW_TOPICS (FOLLOWERS_ID, FOLLOW_TOPICS_ID) values (20, 44);
insert into USER_FOLLOWS (FOLLOWERS_ID, FOLLOWS_ID) values (1, 4);
insert into USER_FOLLOWS (FOLLOWERS_ID, FOLLOWS_ID) values (1, 7);
insert into USER_FOLLOWS (FOLLOWERS_ID, FOLLOWS_ID) values (1, 5);
insert into USER_FOLLOWS (FOLLOWERS_ID, FOLLOWS_ID) values (1, 2);
insert into USER_FOLLOWS (FOLLOWERS_ID, FOLLOWS_ID) values (1, 3);
insert into USER_FOLLOWS (FOLLOWERS_ID, FOLLOWS_ID) values (2, 1);
insert into USER_FOLLOWS (FOLLOWERS_ID, FOLLOWS_ID) values (2, 13);
insert into USER_FOLLOWS (FOLLOWERS_ID, FOLLOWS_ID) values (2, 16);
